Bhavi,or,2024-02-28 10:20:58
Bhavi,cut,2024-02-28 10:28:22
Bhavi,map,2024-02-28 10:29:11
Bhavi,put,2024-02-28 10:30:46
Bhavi,our,2024-02-28 10:32:08
Bhavi,his,2024-02-28 10:33:19
Bhavi,law,2024-02-28 10:34:48
Bhavi,joy,2024-02-28 10:35:44
Bhavi,cow,2024-02-28 10:36:31
Bhavi,two,2024-02-28 10:37:55
Bhavi,our,2024-02-28 10:38:26
Bhavi,few,2024-02-28 10:39:45
Bhavi,son,2024-02-28 10:40:16
Bhavi,day,2024-02-28 10:41:02
Bhavi,buy,2024-02-28 10:41:51
Bhavi,too,2024-02-28 10:42:10
Bhavi,nor,2024-02-28 10:43:37
Bhavi,cow,2024-02-28 10:44:26
Bhavi,bird,2024-02-28 12:57:15
Bhavi,seat,2024-02-28 12:58:07
Bhavi,noun,2024-02-28 12:58:51
Bhavi,pose,2024-02-28 13:03:02
Bhavi,rail,2024-02-28 13:03:52
Bhavi,late,2024-02-28 13:04:39
Bhavi,wide,2024-02-28 13:05:24
Bhavi,play,2024-02-28 13:06:01
Bhavi,race,2024-02-28 13:07:49
Bhavi,wear,2024-02-28 13:08:03
Bhavi,sure,2024-02-28 13:09:21
Bhavi,song,2024-02-28 13:12:12
Bhavi,feed,2024-02-28 13:12:27
Bhavi,pair,2024-02-28 13:12:44
Bhavi,ease,2024-02-28 13:13:02
Bhavi,love,2024-02-28 13:14:56
Bhavi,meat,2024-02-28 13:17:08
Bhavi,meat,2024-02-28 13:17:10
Bhavi,mark,2024-02-28 13:18:18
Bhavi,grew,2024-02-28 13:20:31
Bhavi,port,2024-02-28 13:22:26
Bhavi,wide,2024-02-28 13:23:12
Bhavi,cell,2024-02-28 13:24:21
Bhavi,sell,2024-02-28 13:24:33
Bhavi,pair,2024-02-28 13:26:49
Bhavi,beat,2024-02-28 13:27:43
Bhavi,hour,2024-02-28 13:28:34
Bhavi,mile,2024-02-28 13:28:56
Bhavi,warm,2024-02-28 13:29:12
Bhavi,tube,2024-02-28 13:29:27
Bhavi,meat,2024-02-28 13:30:08
Bhavi,huge,2024-02-28 13:31:09
Bhavi,huge,2024-02-28 13:31:10
Bhavi,seem,2024-02-28 13:31:25
Bhavi,vary,2024-02-28 13:31:55
Bhavi,here,2024-02-28 13:32:17
Bhavi,salt,2024-02-28 13:35:03
Bhavi,land,2024-02-28 13:36:03
Bhavi,cent,2024-02-28 13:37:33
Bhavi,yard,2024-02-28 13:38:11
Bhavi,kept,2024-02-28 13:38:43
Bhavi,else,2024-02-28 13:39:08
Bhavi,mine,2024-02-28 13:39:19
Bhavi,hair,2024-02-28 13:40:16
Bhavi,poem,2024-02-28 13:40:28
Bhavi,suit,2024-02-28 13:41:37
Bhavi,swim,2024-02-28 13:42:38
Bhavi,view,2024-02-28 13:43:53
Bhavi,thin,2024-02-28 13:44:29
Bhavi,sure,2024-02-28 13:45:43
Bhavi,hole,2024-02-28 13:46:14
Bhavi,knew,2024-02-28 13:48:04
Bhavi,root,2024-02-28 13:48:31
Bhavi,cent,2024-02-28 13:49:05
Bhavi,yard,2024-02-28 13:49:48
Bhavi,coat,2024-02-28 13:51:10
Bhavi,hour,2024-02-28 13:55:03
Bhavi,shoe,2024-02-28 13:55:58
Bhavi,wait,2024-02-28 13:57:12
Bhavi,knew,2024-02-28 13:59:22
Bhavi,hair,2024-02-28 14:00:22
Bhavi,rail,2024-02-28 14:01:04
Bhavi,salt,2024-02-28 14:01:53
Bhavi,rule,2024-02-28 14:05:26
Bhavi,cold,2024-02-28 14:05:45
Bhavi,cell,2024-02-28 14:06:01
Bhavi,star,2024-02-28 14:06:43
Bhavi,coat,2024-02-28 14:07:12
Bhavi,feed,2024-02-28 14:07:53
Bhavi,vary,2024-02-28 14:11:31
Bhavi,vary,2024-02-28 14:12:20
Bhavi,meat,2024-02-28 14:12:42
Bhavi,gray,2024-02-28 14:13:45
Bhavi,rail,2024-02-28 14:15:07
Bhavi,rise,2024-02-28 14:17:06
Bhavi,year,2024-02-28 14:19:01
Bhavi,year,2024-02-28 14:19:01
Bhavi,year,2024-02-28 14:19:01
Bhavi,live,2024-02-28 14:19:37
Bhavi,fair,2024-02-28 14:19:59
Bhavi,yard,2024-02-28 14:21:13
Bhavi,rise,2024-02-28 14:22:09
Bhavi,here,2024-02-28 14:22:37
Bhavi,wear,2024-02-28 14:23:09
Bhavi,vary,2024-02-28 14:23:38
Bhavi,fair,2024-02-28 14:24:51
Bhavi,vary,2024-02-28 14:25:13
Bhavi,rail,2024-02-28 14:25:54
Bhavi,here,2024-02-28 14:27:08
Bhavi,yard,2024-02-28 14:28:08
Bhavi,thin,2024-02-28 14:28:21
Bhavi,fair,2024-02-28 14:30:16
Bhavi,board,2024-02-29 16:01:07
Bhavi,equal,2024-02-29 16:02:20
Bhavi,allow,2024-02-29 16:03:54
Bhavi,wrong,2024-02-29 16:05:39
Bhavi,major,2024-02-29 16:06:55
Bhavi,quick,2024-02-29 16:08:08
Bhavi,floor,2024-02-29 16:08:35
Bhavi,story,2024-02-29 16:09:26
Bhavi,match,2024-02-29 16:10:31
Bhavi,basic,2024-02-29 16:11:24
Bhavi,coast,2024-02-29 16:11:44
Bhavi,whole,2024-02-29 16:12:19
Bhavi,quart,2024-02-29 16:12:54
Bhavi,force,2024-02-29 16:14:19
Bhavi,speak,2024-02-29 16:15:58
Bhavi,heard,2024-02-29 16:16:32
Bhavi,build,2024-02-29 16:17:19
Bhavi,chord,2024-02-29 16:18:51
Bhavi,guide,2024-02-29 16:19:32
Bhavi,woman,2024-02-29 16:20:28
Bhavi,drive,2024-02-29 16:20:57
Bhavi,since,2024-02-29 16:21:15
Bhavi,count,2024-02-29 16:21:54
Bhavi,green,2024-02-29 16:22:18
Bhavi,begin,2024-02-29 16:25:04
Bhavi,claim,2024-02-29 16:25:23
Bhavi,often,2024-02-29 16:25:51
Bhavi,broke,2024-02-29 16:27:11
Bhavi,length,2024-02-29 21:58:17
Bhavi,length,2024-02-29 21:58:19
Bhavi,design,2024-02-29 21:59:17
Bhavi,write,2024-02-29 22:01:04
Bhavi,choose,2024-02-29 22:01:31
Bhavi,guess,2024-02-29 22:01:54
Bhavi,length,2024-02-29 22:02:17
Bhavi,reply,2024-02-29 22:03:05
Bhavi,catch,2024-02-29 22:03:22
Bhavi,engine,2024-02-29 22:04:06
Bhavi,clothe,2024-02-29 22:04:42
Bhavi,decide,2024-02-29 22:05:27
Bhavi,stead,2024-02-29 22:06:15
Bhavi,until,2024-02-29 22:06:48
Bhavi,ground,2024-02-29 22:07:54
Bhavi,though,2024-02-29 22:08:36
Bhavi,quite,2024-02-29 22:09:21
Bhavi,quart,2024-02-29 22:13:14
Bhavi,arrive,2024-02-29 22:14:05
Bhavi,street,2024-02-29 22:16:22
Bhavi,either,2024-02-29 22:17:21
Bhavi,system,2024-02-29 22:20:15
Bhavi,excite,2024-02-29 22:21:53
Bhavi,colony,2024-02-29 22:22:08
Bhavi,listen,2024-02-29 22:23:22
Bhavi,degree,2024-02-29 22:23:40
Bhavi,cotton,2024-02-29 22:25:21
Bhavi,result,2024-02-29 22:25:48
Bhavi,valley,2024-02-29 22:26:01
Bhavi,bought,2024-02-29 22:27:23
Bhavi,afraid,2024-02-29 22:28:09
Bhavi,island,2024-02-29 22:28:23
Bhavi,region,2024-02-29 22:28:49
Bhavi,center,2024-02-29 22:29:57
Bhavi,design,2024-02-29 22:30:25
Bhavi,sudden,2024-02-29 22:32:02
Bhavi,colony,2024-02-29 22:33:12
Bhavi,suffix,2024-02-29 22:33:56
Bhavi,excite,2024-02-29 22:34:27
Bhavi,symbol,2024-02-29 22:34:43
Bhavi,listen,2024-02-29 22:35:11
Bhavi,decide,2024-02-29 22:35:42
Bhavi,bottom,2024-02-29 22:35:58
Bhavi,stream,2024-02-29 22:36:30
Bhavi,course,2024-02-29 22:36:56
Bhavi,gather,2024-02-29 22:37:32
Bhavi,suffix,2024-02-29 22:38:16
Bhavi,effect,2024-02-29 22:38:54
Bhavi,gentle,2024-02-29 22:39:10
Bhavi,excite,2024-02-29 22:39:33
Bhavi,decide,2024-02-29 22:39:46
Bhavi,design,2024-02-29 22:41:06
Bhavi,design,2024-02-29 22:41:44
Bhavi,except,2024-02-29 22:42:16
Bhavi,gentle,2024-02-29 22:42:43
Bhavi,effect,2024-02-29 22:43:20
Bhavi,symbol,2024-02-29 22:43:58
Bhavi,figure,2024-02-29 22:44:19
Bhavi,column,2024-02-29 22:45:33
Bhavi,course,2024-02-29 22:46:00
Bhavi,supply,2024-02-29 22:47:22
Bhavi,equate,2024-02-29 22:47:59
Bhavi,enough,2024-02-29 22:48:36
Bhavi,crease,2024-02-29 22:48:57
Bhavi,degree,2024-02-29 22:49:43
Bhavi,figure,2024-02-29 22:50:18
Bhavi,settle,2024-02-29 22:50:33
Bhavi,gentle,2024-02-29 22:51:21
Bhavi,corner,2024-02-29 22:52:42
Bhavi,symbol,2024-02-29 22:53:07
Bhavi,though,2024-02-29 22:54:31
Bhavi,supply,2024-02-29 22:55:36
Bhavi,pretty,2024-02-29 22:55:52
Bhavi,decide,2024-02-29 22:56:08
Bhavi,corner,2024-02-29 22:56:22
Bhavi,desert,2024-02-29 22:56:37
Bhavi,gentle,2024-02-29 22:56:55
Bhavi,except,2024-02-29 22:58:05
Bhavi,result,2024-03-01 10:13:38
Bhavi,though,2024-03-01 10:14:19
Bhavi,enough,2024-03-01 10:14:45
Bhavi,decide,2024-03-01 10:14:59
Bhavi,invent,2024-03-01 10:15:50
Bhavi,degree,2024-03-01 10:16:06
Bhavi,sudden,2024-03-01 10:16:39
Bhavi,design,2024-03-01 10:16:54
Bhavi,effect,2024-03-01 10:17:51
Bhavi,appear,2024-03-01 10:18:22
Bhavi,planet,2024-03-01 10:19:20
Bhavi,column,2024-03-01 10:21:13
Bhavi,crease,2024-03-01 10:21:30
Bhavi,equate,2024-03-01 10:21:48
Bhavi,plural,2024-03-01 10:22:06
Bhavi,length,2024-03-01 10:22:20
Bhavi,plural,2024-03-01 10:22:43
Bhavi,gentle,2024-03-01 10:23:25
Bhavi,clothe,2024-03-01 10:23:47
Bhavi,settle,2024-03-01 10:24:17
Bhavi,melody,2024-03-01 10:25:05
Bhavi,figure,2024-03-01 10:25:38
Bhavi,melody,2024-03-01 10:26:28
Bhavi,length,2024-03-01 10:26:44
Bhavi,crease,2024-03-01 10:27:05
Bhavi,center,2024-03-01 10:27:59
Bhavi,design,2024-03-01 10:29:07
Bhavi,corner,2024-03-01 10:29:54
Bhavi,figure,2024-03-01 10:30:15
Bhavi,center,2024-03-01 10:30:36
Bhavi,phrase,2024-03-01 10:32:33
Bhavi,supply,2024-03-01 10:32:50
Bhavi,corner,2024-03-01 10:33:11
Bhavi,pretty,2024-03-01 10:34:41
Bhavi,enough,2024-03-01 10:35:21
Bhavi,caught,2024-03-01 10:36:49
Bhavi,phrase,2024-03-01 10:37:12
Bhavi,caught,2024-03-01 10:38:10
Bhavi,pitch,2024-03-01 10:42:09
Bhavi,color,2024-03-01 10:42:24
Bhavi,claim,2024-03-01 10:43:33
Bhavi,clear,2024-03-01 10:44:36
Bhavi,short,2024-03-01 10:47:15
Bhavi,floor,2024-03-01 10:49:20
Bhavi,heard,2024-03-01 10:50:23
Bhavi,don't,2024-03-01 10:51:44
Bhavi,floor,2024-03-01 10:52:24
Bhavi,usual,2024-03-01 10:53:44
Bhavi,those,2024-03-01 10:54:07
Bhavi,often,2024-03-01 10:54:44
Bhavi,won't,2024-03-01 10:55:10
Bhavi,plane,2024-03-01 10:57:22
Bhavi,pound,2024-03-01 10:57:51
Bhavi,among,2024-03-01 10:58:22
Bhavi,basic,2024-03-01 10:58:39
Bhavi,chick,2024-03-01 10:59:23
Bhavi,spoke,2024-03-01 10:59:53
Bhavi,whose,2024-03-01 11:00:15
Bhavi,won't,2024-03-01 11:01:50
Bhavi,guess,2024-03-01 11:03:20
Bhavi,quick,2024-03-01 11:03:56
Bhavi,brown,2024-03-01 11:04:22
Bhavi,women,2024-03-01 11:04:37
Bhavi,shore,2024-03-01 11:04:50
Bhavi,voice,2024-03-01 11:05:54
Bhavi,those,2024-03-01 11:07:16
Bhavi,pound,2024-03-01 11:07:35
Bhavi,woman,2024-03-01 11:08:09
Bhavi,broad,2024-03-01 11:09:17
Bhavi,whose,2024-03-01 11:10:31
Bhavi,since,2024-03-01 11:10:46
Bhavi,could,2024-03-01 11:12:51
Bhavi,occur,2024-03-01 11:13:13
Bhavi,plane,2024-03-01 11:14:26
Bhavi,vowel,2024-03-01 11:15:08
Bhavi,again,2024-03-01 11:15:49
Bhavi,shore,2024-03-01 11:17:15
Bhavi,broad,2024-03-01 11:19:35
Bhavi,steam,2024-03-01 11:19:56
Bhavi,quart,2024-03-01 11:21:58
Bhavi,guide,2024-03-01 11:25:42
Bhavi,basic,2024-03-01 11:26:10
Bhavi,hurry,2024-03-01 11:26:28
Bhavi,teeth,2024-03-01 11:26:53
Bhavi,quart,2024-03-01 11:29:23
Bhavi,speak,2024-03-01 11:30:57
Bhavi,their,2024-03-01 11:31:18
Bhavi,broad,2024-03-01 11:32:17
Bhavi,piece,2024-03-01 11:34:45
Bhavi,field,2024-03-01 11:35:48
Bhavi,plain,2024-03-01 11:36:04
Bhavi,quiet,2024-03-01 11:36:23
Bhavi,quart,2024-03-01 11:39:49
Bhavi,crowd,2024-03-01 11:41:52
Bhavi,exact,2024-03-01 11:42:15
Bhavi,occur,2024-03-01 11:43:29
Bhavi,plane,2024-03-01 11:43:47
Bhavi,third,2024-03-01 11:44:11
Bhavi,steam,2024-03-01 11:44:26
Bhavi,plain,2024-03-01 11:45:30
Bhavi,shore,2024-03-01 11:46:49
Bhavi,visit,2024-03-01 11:47:19
Bhavi,crowd,2024-03-01 11:48:18
Bhavi,heavy,2024-03-01 11:49:20
Bhavi,coast,2024-03-01 11:49:53
Bhavi,floor,2024-03-01 11:51:23
Bhavi,quiet,2024-03-01 11:51:46
Bhavi,field,2024-03-01 11:52:08
Bhavi,coast,2024-03-01 11:52:27
Bhavi,stead,2024-03-01 11:53:49
Bhavi,clear,2024-03-01 11:54:02
Bhavi,plane,2024-03-01 11:55:08
Bhavi,won't,2024-03-01 11:55:46
Bhavi,piece,2024-03-01 11:56:04
Bhavi,month,2024-03-01 11:57:31
Bhavi,plane,2024-03-01 11:57:50
Bhavi,whole,2024-03-01 11:58:24
Bhavi,se,2024-03-02 11:32:53
Bhavi,sue,2024-03-02 11:38:59
Bhavi,bud,2024-03-02 11:39:12
Bhavi,gee,2024-03-02 11:39:52
Bhavi,chalk,2024-03-04 14:52:41
Bhavi,sot,2024-03-06 02:50:58
Bhavi,soph,2024-03-06 13:19:44
Bhavi,wooden,2024-03-06 13:37:56
Bhavi,sil,2024-03-06 16:09:19
Bhavi,firmly,2024-03-06 16:10:14
Bhavi,compensate,2024-03-06 16:14:39
Bhavi,attendance,2024-03-06 16:17:44
Bhavi,separately,2024-03-06 16:20:17
Bhavi,reverse,2024-03-06 16:21:55
Bhavi,release,2024-03-06 16:22:12
Bhavi,release,2024-03-06 16:22:14
Bhavi,presence,2024-03-06 16:23:02
Bhavi,lighting,2024-03-06 16:25:58
Bhavi,unrusted,2024-03-06 16:27:17
Bhavi,orchid,2024-03-06 16:28:42
Bhavi,certainly,2024-03-06 16:28:59
Bhavi,evaporate,2024-03-06 16:29:24
Bhavi,turnip,2024-03-06 16:30:02
Bhavi,coconut,2024-03-06 16:30:34
Bhavi,tear,2024-03-06 16:31:05
Bhavi,derived,2024-03-06 16:31:46
Bhavi,northern,2024-03-06 16:32:26
Bhavi,alum,2024-03-06 16:33:10
Bhavi,mirror,2024-03-06 16:33:26
Bhavi,geotropism,2024-03-06 16:34:28
Bhavi,sensitive,2024-03-06 16:35:00
Bhavi,pattern,2024-03-06 16:35:18
Bhavi,disturb,2024-03-06 16:35:48
Bhavi,neighbor,2024-03-06 16:36:07
Bhavi,oral,2024-03-06 16:36:38
Bhavi,therefore,2024-03-06 16:37:35
Bhavi,prepare,2024-03-06 16:38:23
Bhavi,arrange,2024-03-06 16:38:37
Bhavi,taste,2024-03-06 16:38:50
Bhavi,radish,2024-03-06 16:39:05
Bhavi,therefore,2024-03-06 16:39:39
Bhavi,swelling,2024-03-06 16:40:03
Bhavi,gathering,2024-03-06 16:42:06
Bhavi,fuse,2024-03-06 16:44:36
Bhavi,anyone,2024-03-06 16:44:51
Bhavi,sown,2024-03-06 16:48:21
Bhavi,exercise,2024-03-06 16:48:38
Bhavi,presentation,2024-03-06 16:49:21
Bhavi,diseased,2024-03-06 16:49:38
Bhavi,increase,2024-03-06 16:54:17
Bhavi,saturated,2024-03-06 16:54:45
Bhavi,traditional,2024-03-06 16:55:11
Bhavi,protection,2024-03-06 16:55:32
Bhavi,cruel,2024-03-06 16:56:07
Bhavi,learnt,2024-03-06 16:56:57
Bhavi,movable,2024-03-06 22:54:52
Bhavi,particular,2024-03-06 22:55:47
Bhavi,stir,2024-03-06 23:00:45
Bhavi,pregnant,2024-03-06 23:02:32
Bhavi,rotting,2024-03-06 23:03:59
Bhavi,heal,2024-03-06 23:05:14
Bhavi,current,2024-03-06 23:07:13
Bhavi,cockroach,2024-03-06 23:08:26
Bhavi,nutritious,2024-03-06 23:18:54
Bhavi,roundworm,2024-03-06 23:20:20
Bhavi,shearing,2024-03-06 23:23:55
Bhavi,instant,2024-03-06 23:24:57
Bhavi,completely,2024-03-06 23:25:42
Bhavi,preparation,2024-03-06 23:26:23
Bhavi,slipped,2024-03-06 23:27:07
Bhavi,sharpener,2024-03-06 23:28:58
Bhavi,whether,2024-03-06 23:29:43
Bhavi,fluorine,2024-03-06 23:31:03
Bhavi,cruel,2024-03-06 23:31:41
Bhavi,mustard,2024-03-06 23:33:40
Bhavi,cabbage,2024-03-07 16:11:23
Bhavi,closely,2024-03-07 16:12:05
Bhavi,atomic,2024-03-07 16:12:37
Bhavi,compare,2024-03-07 16:13:39
Bhavi,crude,2024-03-07 16:14:10
Bhavi,carnivore,2024-03-07 16:15:35
Bhavi,hasten,2024-03-07 16:16:16
Bhavi,reproduction,2024-03-07 16:16:42
Bhavi,reversible,2024-03-07 16:17:21
Bhavi,material,2024-03-07 16:17:37
Bhavi,residue,2024-03-07 16:17:54
Bhavi,necessary,2024-03-07 16:18:33
Bhavi,toxic,2024-03-07 16:18:48
Bhavi,sinking,2024-03-07 16:19:13
Bhavi,attach,2024-03-07 16:20:29
Bhavi,hookworm,2024-03-07 16:21:46
Bhavi,engineer,2024-03-07 16:22:03
Bhavi,ponder,2024-03-07 16:22:28
Bhavi,hockey,2024-03-07 16:22:43
Bhavi,wheat,2024-03-07 16:23:03
Bhavi,calcium,2024-03-07 16:23:30
Bhavi,john,2024-03-07 16:24:23
Bhavi,spine,2024-03-07 16:24:34
Bhavi,instant,2024-03-07 16:24:51
Bhavi,separate,2024-03-07 16:25:09
Bhavi,whether,2024-03-07 16:25:54
Bhavi,dense,2024-03-07 16:26:39
Bhavi,collection,2024-03-07 16:26:58
Bhavi,repeated,2024-03-07 16:27:29
Bhavi,male,2024-03-07 16:27:39
Bhavi,alans,2024-03-07 16:27:51
Bhavi,appropriate,2024-03-07 16:29:41
Bhavi,overweight,2024-03-07 16:30:27
Bhavi,vinegar,2024-03-07 16:30:43
Bhavi,filled,2024-03-07 16:31:42
Bhavi,cruel,2024-03-07 16:32:54
Bhavi,coriander,2024-03-07 16:33:10
Bhavi,holy,2024-03-07 16:33:26
Bhavi,germination,2024-03-07 16:33:56
Bhavi,attraction,2024-03-07 16:34:41
Bhavi,rough,2024-03-07 16:35:13
Bhavi,magnetism,2024-03-07 16:35:34
Bhavi,designing,2024-03-07 16:37:49
Bhavi,slogan,2024-03-07 16:38:03
Bhavi,generally,2024-03-07 16:38:31
Bhavi,grapevine,2024-03-07 16:39:03
Bhavi,smoothness,2024-03-07 16:39:20
Bhavi,pow,2024-03-07 16:39:41
Bhavi,identify,2024-03-07 16:40:02
Bhavi,transparency,2024-03-07 16:40:26
Bhavi,separates,2024-03-07 16:40:46
Bhavi,mechanical,2024-03-07 16:42:06
Bhavi,gooseberry,2024-03-07 16:42:30
Bhavi,coating,2024-03-07 16:42:44
Bhavi,expansion,2024-03-07 16:43:17
Bhavi,contract,2024-03-07 16:44:00
Bhavi,wrinkle,2024-03-07 16:44:26
Bhavi,sulphate,2024-03-07 16:44:46
Bhavi,loosely,2024-03-07 16:45:22
Bhavi,candle,2024-03-07 16:45:44
Bhavi,removed,2024-03-07 16:47:37
Bhavi,stopper,2024-03-07 16:47:48
Bhavi,works,2024-03-07 16:48:01
Bhavi,fitted,2024-03-07 16:48:26
Bhavi,excretory,2024-03-07 16:49:04
Bhavi,crystal,2024-03-07 16:49:25
Bhavi,practically,2024-03-07 16:49:59
Bhavi,collect,2024-03-07 16:50:40
Bhavi,temporary,2024-03-07 16:51:07
Bhavi,crore,2024-03-07 16:51:34
Bhavi,lived,2024-03-07 16:52:50
Bhavi,entire,2024-03-07 16:53:07
Bhavi,worm,2024-03-07 16:53:34
Bhavi,bulk,2024-03-07 16:54:06
Bhavi,extreme,2024-03-07 16:54:34
Bhavi,prepare,2024-03-07 16:56:02
Bhavi,visible,2024-03-07 16:58:52
Bhavi,soph,2024-03-07 16:59:17
Bhavi,maintenance,2024-03-07 16:59:36
Bhavi,italian,2024-03-07 16:59:55
Bhavi,tangy,2024-03-07 17:00:18
Bhavi,readily,2024-03-07 17:01:00
Bhavi,mention,2024-03-07 17:01:34
Bhavi,variety,2024-03-07 17:01:50
Bhavi,drain,2024-03-07 17:02:51
Bhavi,cup,2024-03-07 17:03:34
Bhavi,plate,2024-03-07 17:03:47
Bhavi,concentrated,2024-03-07 17:05:26
Bhavi,previous,2024-03-07 17:06:28
Bhavi,textile,2024-03-07 17:07:15
Bhavi,based,2024-03-07 17:08:08
Bhavi,interest,2024-03-07 17:08:23
Bhavi,additional,2024-03-07 17:08:42
Bhavi,alternation,2024-03-07 17:09:20
Bhavi,framework,2024-03-07 17:09:54
Bhavi,grain,2024-03-07 17:10:12
Bhavi,movable,2024-03-07 17:11:10
Bhavi,hamstring,2024-03-07 17:11:33
Bhavi,backward,2024-03-07 17:13:27
Bhavi,lesser,2024-03-07 17:15:41
Bhavi,attendance,2024-03-07 17:16:29
Bhavi,weaving,2024-03-07 17:16:52
Bhavi,miscible,2024-03-07 17:17:50
Bhavi,entirely,2024-03-07 17:18:43
Bhavi,definitely,2024-03-07 17:20:33
Bhavi,cultivated,2024-03-07 17:21:30
Bhavi,compressed,2024-03-07 17:28:28
Bhavi,breaking,2024-03-07 17:29:04
Bhavi,wrinkle,2024-03-07 17:30:43
Bhavi,alans,2024-03-12 16:43:51
Bhavi,peeling,2024-03-12 16:44:47
Bhavi,site,2024-03-12 16:49:15
Bhavi,turnip,2024-03-12 16:49:39
Bhavi,confined,2024-03-12 16:50:08
Bhavi,biceps,2024-03-12 16:53:50
Bhavi,chest,2024-03-12 16:54:03
Bhavi,stir,2024-03-12 16:54:49
Bhavi,article,2024-03-12 16:55:04
Bhavi,muscle,2024-03-12 16:55:24
Bhavi,obtain,2024-03-12 16:55:43
Bhavi,decided,2024-03-12 16:55:59
Bhavi,withstand,2024-03-12 16:56:16
Bhavi,pollen,2024-03-12 16:58:17
Bhavi,responsible,2024-03-12 16:58:40
Bhavi,suffering,2024-03-12 16:58:54
Bhavi,scheme,2024-03-12 16:59:13
Bhavi,glue,2024-03-12 16:59:25
Bhavi,extensive,2024-03-12 17:00:40
Bhavi,wang,2024-03-12 17:00:53
Bhavi,roughage,2024-03-12 17:01:09
Bhavi,series,2024-03-12 17:01:43
Bhavi,quiz,2024-03-12 17:01:59
Bhavi,alternately,2024-03-12 17:03:03
Bhavi,sari,2024-03-12 17:03:30
Bhavi,naturally,2024-03-12 20:22:49
Bhavi,jaw,2024-03-12 20:23:29
Bhavi,dig,2024-03-12 20:23:39
Bhavi,cup,2024-03-12 20:23:51
Bhavi,tar,2024-03-12 20:24:09
Bhavi,sue,2024-03-12 20:24:22
Bhavi,oak,2024-03-12 20:24:39
Bhavi,poe,2024-03-12 20:24:55
Bhavi,sil,2024-03-12 20:25:24
Bhavi,hip,2024-03-12 20:25:47
Bhavi,fee,2024-03-12 20:26:31
Bhavi,fur,2024-03-12 20:26:42
Bhavi,oes,2024-03-12 20:27:02
Bhavi,sin,2024-03-12 20:27:34
Bhavi,awa,2024-03-12 20:27:49
Bhavi,pow,2024-03-12 20:28:44
Bhavi,ped,2024-03-12 20:29:11
Bhavi,woe,2024-03-12 20:29:47
Bhavi,maw,2024-03-12 20:30:14
Bhavi,oes,2024-03-12 20:30:29
Bhavi,web,2024-03-12 20:30:59
Bhavi,ped,2024-03-12 20:31:14
Bhavi,lab,2024-03-12 20:31:54
Bhavi,lab,2024-03-12 20:31:55
Bhavi,web,2024-03-12 20:32:11
Bhavi,maw,2024-03-12 20:33:45
Bhavi,sue,2024-03-12 20:34:03
Bhavi,woe,2024-03-12 20:34:39
Bhavi,bud,2024-03-12 20:35:09
Bhavi,jaw,2024-03-12 20:35:26
Bhavi,fin,2024-03-12 20:36:02
Bhavi,pow,2024-03-12 20:37:16
Bhavi,fee,2024-03-12 20:37:35
Bhavi,ped,2024-03-12 20:37:56
Bhavi,fee,2024-03-12 20:38:14
Bhavi,fin,2024-03-12 20:38:35
Bhavi,ped,2024-03-12 20:38:45
Bhavi,maw,2024-03-12 20:38:57
Bhavi,woe,2024-03-12 20:39:24
Bhavi,ped,2024-03-12 20:39:37
Bhavi,ped,2024-03-12 20:42:22
Bhavi,fin,2024-03-12 20:42:32
Bhavi,woe,2024-03-12 20:43:14
Bhavi,balance,2024-03-12 20:44:50
Bhavi,condense,2024-03-12 20:45:05
Bhavi,indicate,2024-03-12 20:45:21
Bhavi,arrangement,2024-03-12 20:45:58
Bhavi,locomotion,2024-03-12 20:46:23
Bhavi,complete,2024-03-12 20:46:40
Bhavi,complete,2024-03-12 20:46:40
Bhavi,lesson,2024-03-12 20:47:17
Bhavi,delta,2024-03-12 20:47:30
Bhavi,honeybee,2024-03-12 20:47:48
Bhavi,tough,2024-03-12 20:48:35
Bhavi,demonstrate,2024-03-12 20:49:29
Bhavi,acts,2024-03-12 20:50:01
Bhavi,entirely,2024-03-12 20:50:23
Bhavi,penis,2024-03-12 20:50:48
Bhavi,jagged,2024-03-12 20:51:04
Bhavi,durability,2024-03-12 20:51:30
Bhavi,clayey,2024-03-12 20:52:18
Bhavi,already,2024-03-12 20:53:09
Bhavi,deficient,2024-03-12 20:53:44
Bhavi,protein,2024-03-12 20:54:22
Bhavi,carnivore,2024-03-12 20:55:10
Bhavi,aluminium,2024-03-12 20:55:29
Bhavi,lack,2024-03-12 20:56:00
Bhavi,swelling,2024-03-12 20:56:24
Bhavi,calf,2024-03-12 20:57:15
Bhavi,quiz,2024-03-12 20:57:28
Bhavi,dyeing,2024-03-13 16:10:41
Bhavi,lamina,2024-03-13 16:11:44
Bhavi,centipede,2024-03-13 16:12:02
Bhavi,girdle,2024-03-13 16:12:19
Bhavi,electric,2024-03-13 16:12:47
Bhavi,enrichment,2024-03-13 16:13:27
Bhavi,commonly,2024-03-13 16:13:53
Bhavi,collect,2024-03-13 16:14:13
Bhavi,discuss,2024-03-13 16:15:12
Bhavi,pasteur,2024-03-13 16:15:28
Bhavi,rein,2024-03-13 16:15:40
Bhavi,nectar,2024-03-13 16:15:54
Bhavi,reversible,2024-03-13 16:16:33
Bhavi,picture,2024-03-13 16:16:55
Bhavi,reverse,2024-03-13 16:17:19
Bhavi,drinking,2024-03-13 16:18:01
Bhavi,neem,2024-03-13 16:18:13
Bhavi,rickets,2024-03-13 16:18:53
Bhavi,slogan,2024-03-13 16:19:10
Bhavi,activation,2024-03-13 16:20:09
Bhavi,muscular,2024-03-13 16:20:34
Bhavi,disease,2024-03-13 16:20:54
Bhavi,applied,2024-03-13 16:21:08
Bhavi,rough,2024-03-13 16:21:38
Bhavi,copper,2024-03-13 16:21:51
Bhavi,scratch,2024-03-13 16:22:11
Bhavi,flour,2024-03-13 16:22:57
Bhavi,eerie,2024-03-13 16:23:40
Bhavi,carbon,2024-03-13 16:23:52
Bhavi,disturbing,2024-03-13 16:24:29
Bhavi,thyroid,2024-03-13 16:25:13
Bhavi,receive,2024-03-13 16:25:27
Bhavi,across,2024-03-13 16:25:41
Bhavi,rickets,2024-03-13 16:25:56
Bhavi,strange,2024-03-13 16:26:22
Bhavi,absorbing,2024-03-13 16:27:47
Bhavi,convenient,2024-03-13 16:28:05
Bhavi,graph,2024-03-13 16:28:33
Bhavi,react,2024-03-13 16:30:04
Bhavi,cauliflower,2024-03-13 16:30:49
Bhavi,knee,2024-03-13 16:31:26
Bhavi,none,2024-03-13 16:31:47
Bhavi,goat,2024-03-13 16:32:30
Bhavi,alum,2024-03-13 16:37:40
Bhavi,heap,2024-03-13 16:38:12
Bhavi,vein,2024-03-13 16:38:36
Bhavi,hung,2024-03-13 16:39:40
Bhavi,TRUE,2024-03-13 16:39:58
Bhavi,soph,2024-03-13 16:41:09
Bhavi,risk,2024-03-13 16:41:50
Bhavi,loom,2024-03-13 16:43:49
Bhavi,alee,2024-03-13 16:43:59
Bhavi,prey,2024-03-13 16:44:34
Bhavi,tear,2024-03-13 16:44:55
Bhavi,glow,2024-03-13 16:46:05
Bhavi,cine,2024-03-13 16:46:35
Bhavi,vast,2024-03-13 16:47:24
Bhavi,frog,2024-03-13 16:47:42
Bhavi,rear,2024-03-13 16:47:57
Bhavi,fuse,2024-03-13 16:48:22
Bhavi,meal,2024-03-13 16:51:37
Bhavi,ways,2024-03-13 16:52:58
Bhavi,male,2024-03-13 16:53:35
Bhavi,tele,2024-03-13 16:53:51
Bhavi,cine,2024-03-13 16:54:15
Bhavi,hone,2024-03-13 16:55:14
Bhavi,jute,2024-03-13 16:55:36
Bhavi,palm,2024-03-13 16:56:08
Bhavi,sown,2024-03-13 16:56:18
Bhavi,deer,2024-03-13 16:57:00
Bhavi,dish,2024-03-13 16:57:28
Bhavi,pale,2024-03-13 16:57:49
Bhavi,soph,2024-03-13 16:58:22
Bhavi,heap,2024-03-13 16:58:36
Bhavi,soak,2024-03-13 16:59:07
Bhavi,soda,2024-03-13 16:59:28
Bhavi,chew,2024-03-13 16:59:49
Bhavi,calf,2024-03-13 17:00:22
Bhavi,sick,2024-03-13 17:02:18
Bhavi,coil,2024-03-13 17:02:56
Bhavi,sari,2024-03-13 17:13:14
Bhavi,vein,2024-03-13 17:13:37
Bhavi,chew,2024-03-13 17:14:03
Bhavi,pure,2024-03-13 17:14:40
Bhavi,coir,2024-03-13 17:15:04
Bhavi,till,2024-03-13 17:15:16
Bhavi,wang,2024-03-13 17:17:53
Bhavi,coil,2024-03-13 17:18:35
Bhavi,john,2024-03-13 17:19:28
Bhavi,vast,2024-03-13 17:19:41
Bhavi,holy,2024-03-13 17:19:55
Bhavi,heap,2024-03-13 17:20:18
Bhavi,tele,2024-03-13 17:20:37
Bhavi,alee,2024-03-13 17:21:08
Bhavi,tele,2024-03-13 17:21:30
Bhavi,wang,2024-03-13 17:21:54
Bhavi,yarn,2024-03-13 17:22:23
Bhavi,coir,2024-03-13 17:22:39
Bhavi,shin,2024-03-13 17:23:47
Bhavi,cord,2024-03-13 17:24:09
Bhavi,stir,2024-03-13 17:24:49
Bhavi,frog,2024-03-13 17:25:23
Bhavi,soak,2024-03-13 17:26:43
Bhavi,cine,2024-03-13 17:26:59
Bhavi,grey,2024-03-13 17:27:37
Bhavi,sown,2024-03-13 17:27:49
Bhavi,alee,2024-03-13 17:28:12
Bhavi,sown,2024-03-13 17:45:59
Bhavi,male,2024-03-13 17:46:29
Bhavi,urea,2024-03-13 17:47:04
Bhavi,soph,2024-03-13 17:47:20
Bhavi,alee,2024-03-13 17:47:54
Bhavi,cine,2024-03-13 20:14:31
Bhavi,stir,2024-03-13 20:14:44
Bhavi,grey,2024-03-13 20:15:39
Bhavi,grey,2024-03-13 20:16:58
Bhavi,soak,2024-03-13 20:18:29
Bhavi,soph,2024-03-13 20:18:59
Bhavi,soak,2024-03-13 20:19:18
Bhavi,urea,2024-03-13 20:20:34
Bhavi,weald,2024-03-13 20:22:07
Bhavi,thumb,2024-03-13 20:22:36
Bhavi,apply,2024-03-13 20:23:14
Bhavi,react,2024-03-13 20:23:30
Bhavi,humid,2024-03-13 20:23:43
Bhavi,ankle,2024-03-13 20:25:57
Bhavi,wrist,2024-03-13 20:33:19
Bhavi,eerie,2024-03-13 20:35:29
Bhavi,pinch,2024-03-13 20:43:29
Bhavi,plane,2024-03-13 20:43:45
Bhavi,loose,2024-03-13 20:43:58
Bhavi,alans,2024-03-13 20:44:18
Bhavi,sheer,2024-03-13 20:44:32
Bhavi,cloth,2024-03-13 20:45:19
Bhavi,obese,2024-03-13 20:48:32
Bhavi,drain,2024-03-13 20:49:24
Bhavi,venus,2024-03-13 20:49:45
Bhavi,scent,2024-03-13 20:50:51
Bhavi,scent,2024-03-13 20:50:51
Bhavi,joint,2024-03-13 20:51:12
Bhavi,lotus,2024-03-13 20:51:52
Bhavi,stare,2024-03-13 20:52:32
Bhavi,drain,2024-03-13 20:53:13
Bhavi,droop,2024-03-13 20:54:16
Bhavi,resin,2024-03-13 20:54:51
Bhavi,grain,2024-03-13 20:55:02
Bhavi,yeast,2024-03-13 20:56:01
Bhavi,exist,2024-03-13 20:56:18
Bhavi,vital,2024-03-13 20:56:48
Bhavi,rigid,2024-03-13 21:01:18
Bhavi,pivot,2024-03-13 21:01:51
Bhavi,crore,2024-03-13 21:02:13
Bhavi,maize,2024-03-13 21:04:44
Bhavi,algae,2024-03-13 21:06:13
Bhavi,vital,2024-03-13 21:07:20
Bhavi,crude,2024-03-13 21:08:29
Bhavi,prize,2024-03-13 21:09:29
Bhavi,louis,2024-03-13 21:11:14
Bhavi,shiny,2024-03-13 21:11:38
Bhavi,kapok,2024-03-13 21:15:06
Bhavi,chaff,2024-03-13 21:15:29
Bhavi,traps,2024-03-13 21:16:24
Bhavi,urine,2024-03-13 21:16:48
Bhavi,react,2024-03-13 21:17:05
Bhavi,paste,2024-03-13 21:17:17
Bhavi,whorl,2024-03-13 21:18:03
Bhavi,tasty,2024-03-13 21:18:38
Bhavi,tangy,2024-03-13 21:19:12
Bhavi,pivot,2024-03-13 21:19:24
Bhavi,local,2024-03-13 21:19:47
Bhavi,video,2024-03-13 21:20:56
Bhavi,crude,2024-03-13 21:25:00
Bhavi,chalk,2024-03-13 21:25:24
Bhavi,prime,2024-03-13 21:25:52
Bhavi,stalk,2024-03-13 21:26:24
Bhavi,nylon,2024-03-13 21:26:43
Bhavi,bowel,2024-03-13 21:27:31
Bhavi,yeast,2024-03-13 21:27:47
Bhavi,below,2024-03-13 21:28:01
Bhavi,thigh,2024-03-13 21:28:53
Bhavi,jeans,2024-03-13 21:30:09
Bhavi,graph,2024-03-13 21:31:07
Bhavi,exist,2024-03-13 21:32:23
Bhavi,sperm,2024-03-13 21:32:56
Bhavi,slows,2024-03-13 21:33:11
Bhavi,twice,2024-03-13 21:33:52
Bhavi,wheat,2024-03-13 21:34:09
Bhavi,vital,2024-03-13 21:34:26
Bhavi,sieve,2024-03-13 21:34:51
Bhavi,naked,2024-03-13 21:35:15
Bhavi,known,2024-03-13 21:35:48
Bhavi,gauge,2024-03-13 21:36:50
Bhavi,james,2024-03-13 21:37:19
Bhavi,algae,2024-03-13 21:37:36
Bhavi,rigid,2024-03-13 21:38:02
Bhavi,react,2024-03-13 21:38:28
Bhavi,traps,2024-03-13 21:45:39
Bhavi,eagle,2024-03-14 16:26:29
Bhavi,weigh,2024-03-14 16:27:25
Bhavi,thumb,2024-03-14 16:27:58
Bhavi,thigh,2024-03-14 16:29:10
Bhavi,sheer,2024-03-14 16:29:23
Bhavi,naked,2024-03-14 16:29:45
Bhavi,eerie,2024-03-14 16:30:11
Bhavi,whorl,2024-03-14 16:30:29
Bhavi,whorl,2024-03-14 16:30:29
Bhavi,basil,2024-03-14 16:31:33
Bhavi,ovary,2024-03-14 16:31:46
Bhavi,pivot,2024-03-14 16:32:36
Bhavi,weald,2024-03-14 16:33:23
Bhavi,shock,2024-03-14 16:33:44
Bhavi,tired,2024-03-14 16:34:21
Bhavi,crore,2024-03-14 16:34:38
Bhavi,cruel,2024-03-14 16:35:58
Bhavi,bowel,2024-03-14 16:36:10
Bhavi,whorl,2024-03-14 16:36:41
Bhavi,assam,2024-03-14 16:37:07
Bhavi,thigh,2024-03-14 16:37:26
Bhavi,chalk,2024-03-14 16:37:40
Bhavi,sieve,2024-03-14 16:37:55
Bhavi,femur,2024-03-14 16:38:28
Bhavi,twice,2024-03-14 16:38:41
Bhavi,wheat,2024-03-14 17:01:24
Bhavi,tired,2024-03-14 17:02:47
Bhavi,whole,2024-03-14 17:03:27
Bhavi,tired,2024-03-14 17:03:52
Bhavi,stare,2024-03-14 17:04:09
Bhavi,crude,2024-03-14 17:07:09
Bhavi,sheer,2024-03-14 17:16:02
Bhavi,stare,2024-03-14 17:17:48
Bhavi,basis,2024-03-14 17:18:46
Bhavi,algae,2024-03-14 17:19:35
Bhavi,sheer,2024-03-14 17:19:54
Bhavi,known,2024-03-14 17:21:12
Bhavi,obese,2024-03-14 17:21:35
Bhavi,tract,2024-03-14 17:21:51
Bhavi,dried,2024-03-14 17:22:58
Bhavi,exist,2024-03-14 17:24:00
Bhavi,woven,2024-03-14 17:25:31
Bhavi,semen,2024-03-14 17:25:43
Bhavi,femur,2024-03-14 17:26:23
Bhavi,split,2024-03-14 17:28:03
Bhavi,urine,2024-03-14 17:28:23
Bhavi,tract,2024-03-14 17:29:42
Bhavi,being,2024-03-14 17:30:10
Bhavi,james,2024-03-14 17:30:56
Bhavi,algae,2024-03-14 17:31:43
Bhavi,algae,2024-03-14 17:31:58
Bhavi,being,2024-03-14 17:33:13
Bhavi,femur,2024-03-14 17:33:30
Bhavi,ovary,2024-03-14 17:33:43
Bhavi,cruel,2024-03-14 17:33:56
Bhavi,jones,2024-03-14 17:34:11
Bhavi,rigid,2024-03-14 17:34:25
Bhavi,fraction,2024-03-19 02:25:20
