Bhavi,a,2024-02-28 10:17:37
Bhavi,I,2024-02-28 10:17:48
Bhavi,us,2024-02-28 10:20:10
Bhavi,he,2024-02-28 10:20:15
Bhavi,so,2024-02-28 10:20:19
Bhavi,go,2024-02-28 10:20:25
Bhavi,to,2024-02-28 10:20:30
Bhavi,up,2024-02-28 10:20:35
Bhavi,my,2024-02-28 10:20:41
Bhavi,by,2024-02-28 10:21:08
Bhavi,me,2024-02-28 10:21:13
Bhavi,in,2024-02-28 10:21:19
Bhavi,as,2024-02-28 10:21:23
Bhavi,we,2024-02-28 10:21:34
Bhavi,if,2024-02-28 10:21:40
Bhavi,be,2024-02-28 10:21:47
Bhavi,on,2024-02-28 10:21:52
Bhavi,an,2024-02-28 10:21:58
Bhavi,or,2024-02-28 10:22:06
Bhavi,am,2024-02-28 10:22:11
Bhavi,of,2024-02-28 10:22:16
Bhavi,at,2024-02-28 10:22:21
Bhavi,no,2024-02-28 10:22:26
Bhavi,it,2024-02-28 10:22:31
Bhavi,oh,2024-02-28 10:22:38
Bhavi,do,2024-02-28 10:22:43
Bhavi,is,2024-02-28 10:22:49
Bhavi,can,2024-02-28 10:23:10
Bhavi,bed,2024-02-28 10:23:15
Bhavi,who,2024-02-28 10:23:33
Bhavi,boy,2024-02-28 10:23:47
Bhavi,egg,2024-02-28 10:23:53
Bhavi,bar,2024-02-28 10:23:59
Bhavi,use,2024-02-28 10:24:06
Bhavi,man,2024-02-28 10:24:12
Bhavi,had,2024-02-28 10:24:18
Bhavi,lay,2024-02-28 10:24:23
Bhavi,eye,2024-02-28 10:24:47
Bhavi,mix,2024-02-28 10:24:54
Bhavi,dog,2024-02-28 10:25:07
Bhavi,did,2024-02-28 10:25:12
Bhavi,ask,2024-02-28 10:25:17
Bhavi,pay,2024-02-28 10:25:25
Bhavi,her,2024-02-28 10:25:35
Bhavi,arm,2024-02-28 10:25:41
Bhavi,own,2024-02-28 10:25:50
Bhavi,was,2024-02-28 10:25:57
Bhavi,gun,2024-02-28 10:26:03
Bhavi,hat,2024-02-28 10:26:10
Bhavi,top,2024-02-28 10:26:17
Bhavi,ear,2024-02-28 10:26:26
Bhavi,air,2024-02-28 10:26:33
Bhavi,yet,2024-02-28 10:27:06
Bhavi,and,2024-02-28 10:27:14
Bhavi,lot,2024-02-28 10:27:20
Bhavi,rub,2024-02-28 10:27:28
Bhavi,sit,2024-02-28 10:27:35
Bhavi,cat,2024-02-28 10:27:41
Bhavi,low,2024-02-28 10:28:33
Bhavi,for,2024-02-28 10:28:42
Bhavi,fig,2024-02-28 10:29:01
Bhavi,red,2024-02-28 10:29:24
Bhavi,how,2024-02-28 10:29:45
Bhavi,tie,2024-02-28 10:29:52
Bhavi,car,2024-02-28 10:29:58
Bhavi,ten,2024-02-28 10:30:06
Bhavi,cut,2024-02-28 10:30:14
Bhavi,die,2024-02-28 10:30:21
Bhavi,out,2024-02-28 10:30:27
Bhavi,get,2024-02-28 10:30:35
Bhavi,fit,2024-02-28 10:30:42
Bhavi,dad,2024-02-28 10:31:10
Bhavi,big,2024-02-28 10:31:28
Bhavi,log,2024-02-28 10:32:01
Bhavi,hot,2024-02-28 10:32:19
Bhavi,bad,2024-02-28 10:32:25
Bhavi,the,2024-02-28 10:32:31
Bhavi,saw,2024-02-28 10:32:37
Bhavi,let,2024-02-28 10:32:43
Bhavi,any,2024-02-28 10:32:49
Bhavi,all,2024-02-28 10:32:55
Bhavi,war,2024-02-28 10:33:01
Bhavi,run,2024-02-28 10:33:08
Bhavi,art,2024-02-28 10:33:13
Bhavi,his,2024-02-28 10:33:19
Bhavi,map,2024-02-28 10:33:34
Bhavi,may,2024-02-28 10:33:51
Bhavi,fun,2024-02-28 10:34:00
Bhavi,why,2024-02-28 10:34:14
Bhavi,dry,2024-02-28 10:34:21
Bhavi,sky,2024-02-28 10:34:34
Bhavi,men,2024-02-28 10:35:08
Bhavi,six,2024-02-28 10:35:18
Bhavi,yes,2024-02-28 10:35:25
Bhavi,sun,2024-02-28 10:35:32
Bhavi,way,2024-02-28 10:35:57
Bhavi,far,2024-02-28 10:36:04
Bhavi,old,2024-02-28 10:36:12
Bhavi,set,2024-02-28 10:36:17
Bhavi,leg,2024-02-28 10:36:24
Bhavi,say,2024-02-28 10:36:42
Bhavi,row,2024-02-28 10:36:51
Bhavi,bit,2024-02-28 10:36:58
Bhavi,sat,2024-02-28 10:37:03
Bhavi,got,2024-02-28 10:37:10
Bhavi,its,2024-02-28 10:37:15
Bhavi,cry,2024-02-28 10:37:23
Bhavi,key,2024-02-28 10:37:32
Bhavi,end,2024-02-28 10:37:38
Bhavi,law,2024-02-28 10:37:45
Bhavi,not,2024-02-28 10:37:50
Bhavi,ice,2024-02-28 10:38:12
Bhavi,him,2024-02-28 10:38:20
Bhavi,sea,2024-02-28 10:38:38
Bhavi,our,2024-02-28 10:38:45
Bhavi,two,2024-02-28 10:38:51
Bhavi,now,2024-02-28 10:38:58
Bhavi,you,2024-02-28 10:39:04
Bhavi,off,2024-02-28 10:39:11
Bhavi,ago,2024-02-28 10:39:18
Bhavi,one,2024-02-28 10:39:26
Bhavi,hit,2024-02-28 10:39:56
Bhavi,oil,2024-02-28 10:40:02
Bhavi,lie,2024-02-28 10:40:09
Bhavi,try,2024-02-28 10:40:29
Bhavi,joy,2024-02-28 10:40:38
Bhavi,few,2024-02-28 10:40:48
Bhavi,fly,2024-02-28 10:40:55
Bhavi,ran,2024-02-28 10:41:13
Bhavi,are,2024-02-28 10:41:20
Bhavi,fat,2024-02-28 10:41:26
Bhavi,son,2024-02-28 10:41:33
Bhavi,bat,2024-02-28 10:42:02
Bhavi,day,2024-02-28 10:42:24
Bhavi,add,2024-02-28 10:42:39
Bhavi,led,2024-02-28 10:42:46
Bhavi,put,2024-02-28 10:42:53
Bhavi,too,2024-02-28 10:42:58
Bhavi,buy,2024-02-28 10:43:07
Bhavi,gas,2024-02-28 10:43:15
Bhavi,win,2024-02-28 10:43:21
Bhavi,has,2024-02-28 10:43:29
Bhavi,eat,2024-02-28 10:43:48
Bhavi,see,2024-02-28 10:43:57
Bhavi,age,2024-02-28 10:44:05
Bhavi,job,2024-02-28 10:44:12
Bhavi,box,2024-02-28 10:44:20
Bhavi,new,2024-02-28 10:44:55
Bhavi,she,2024-02-28 10:45:04
Bhavi,act,2024-02-28 10:45:11
Bhavi,cow,2024-02-28 10:45:18
Bhavi,nor,2024-02-28 10:45:24
Bhavi,but,2024-02-28 10:45:29
Bhavi,full,2024-02-28 12:56:44
Bhavi,cool,2024-02-28 12:56:49
Bhavi,next,2024-02-28 12:56:56
Bhavi,roll,2024-02-28 12:57:03
Bhavi,wood,2024-02-28 12:57:44
Bhavi,tiny,2024-02-28 12:57:56
Bhavi,have,2024-02-28 12:58:22
Bhavi,long,2024-02-28 12:58:28
Bhavi,felt,2024-02-28 12:59:03
Bhavi,tree,2024-02-28 12:59:10
Bhavi,once,2024-02-28 12:59:18
Bhavi,give,2024-02-28 12:59:26
Bhavi,also,2024-02-28 12:59:36
Bhavi,tool,2024-02-28 12:59:42
Bhavi,wife,2024-02-28 12:59:51
Bhavi,fast,2024-02-28 13:00:02
Bhavi,lone,2024-02-28 13:00:12
Bhavi,help,2024-02-28 13:00:19
Bhavi,sand,2024-02-28 13:00:28
Bhavi,half,2024-02-28 13:00:34
Bhavi,trip,2024-02-28 13:00:42
Bhavi,loud,2024-02-28 13:00:53
Bhavi,even,2024-02-28 13:01:05
Bhavi,both,2024-02-28 13:01:13
Bhavi,near,2024-02-28 13:01:20
Bhavi,band,2024-02-28 13:01:28
Bhavi,back,2024-02-28 13:01:42
Bhavi,this,2024-02-28 13:01:48
Bhavi,stop,2024-02-28 13:01:54
Bhavi,rest,2024-02-28 13:02:01
Bhavi,nose,2024-02-28 13:02:09
Bhavi,week,2024-02-28 13:02:17
Bhavi,know,2024-02-28 13:02:42
Bhavi,form,2024-02-28 13:02:54
Bhavi,slip,2024-02-28 13:03:12
Bhavi,miss,2024-02-28 13:03:20
Bhavi,push,2024-02-28 13:03:28
Bhavi,part,2024-02-28 13:03:37
Bhavi,call,2024-02-28 13:03:44
Bhavi,very,2024-02-28 13:04:09
Bhavi,sent,2024-02-28 13:04:53
Bhavi,pass,2024-02-28 13:05:00
Bhavi,snow,2024-02-28 13:05:10
Bhavi,gave,2024-02-28 13:05:17
Bhavi,past,2024-02-28 13:05:43
Bhavi,hill,2024-02-28 13:05:53
Bhavi,head,2024-02-28 13:06:15
Bhavi,side,2024-02-28 13:06:21
Bhavi,stay,2024-02-28 13:06:36
Bhavi,four,2024-02-28 13:06:44
Bhavi,moon,2024-02-28 13:06:55
Bhavi,tall,2024-02-28 13:07:02
Bhavi,size,2024-02-28 13:07:09
Bhavi,rose,2024-02-28 13:08:20
Bhavi,soon,2024-02-28 13:08:29
Bhavi,blue,2024-02-28 13:08:49
Bhavi,ever,2024-02-28 13:09:33
Bhavi,body,2024-02-28 13:09:42
Bhavi,safe,2024-02-28 13:09:56
Bhavi,cook,2024-02-28 13:10:12
Bhavi,team,2024-02-28 13:10:27
Bhavi,hard,2024-02-28 13:10:34
Bhavi,high,2024-02-28 13:11:03
Bhavi,good,2024-02-28 13:11:09
Bhavi,been,2024-02-28 13:11:28
Bhavi,walk,2024-02-28 13:11:37
Bhavi,what,2024-02-28 13:11:44
Bhavi,skin,2024-02-28 13:11:51
Bhavi,ride,2024-02-28 13:12:04
Bhavi,must,2024-02-28 13:13:13
Bhavi,some,2024-02-28 13:13:19
Bhavi,race,2024-02-28 13:13:27
Bhavi,mass,2024-02-28 13:13:34
Bhavi,pose,2024-02-28 13:13:46
Bhavi,flat,2024-02-28 13:13:52
Bhavi,rain,2024-02-28 13:14:00
Bhavi,face,2024-02-28 13:14:09
Bhavi,deep,2024-02-28 13:14:14
Bhavi,rock,2024-02-28 13:14:24
Bhavi,sing,2024-02-28 13:14:34
Bhavi,does,2024-02-28 13:15:23
Bhavi,shop,2024-02-28 13:15:31
Bhavi,went,2024-02-28 13:15:45
Bhavi,life,2024-02-28 13:15:52
Bhavi,kind,2024-02-28 13:16:07
Bhavi,well,2024-02-28 13:16:14
Bhavi,such,2024-02-28 13:16:22
Bhavi,play,2024-02-28 13:16:33
Bhavi,look,2024-02-28 13:16:53
Bhavi,wash,2024-02-28 13:17:02
Bhavi,plan,2024-02-28 13:17:22
Bhavi,lead,2024-02-28 13:17:30
Bhavi,road,2024-02-28 13:17:39
Bhavi,feet,2024-02-28 13:17:46
Bhavi,kill,2024-02-28 13:17:53
Bhavi,rope,2024-02-28 13:18:05
Bhavi,self,2024-02-28 13:18:31
Bhavi,mark,2024-02-28 13:18:42
Bhavi,said,2024-02-28 13:19:00
Bhavi,done,2024-02-28 13:19:09
Bhavi,busy,2024-02-28 13:19:19
Bhavi,held,2024-02-28 13:19:31
Bhavi,soil,2024-02-28 13:19:37
Bhavi,cost,2024-02-28 13:19:45
Bhavi,tire,2024-02-28 13:19:55
Bhavi,send,2024-02-28 13:20:03
Bhavi,down,2024-02-28 13:20:44
Bhavi,told,2024-02-28 13:20:52
Bhavi,boat,2024-02-28 13:21:03
Bhavi,work,2024-02-28 13:21:14
Bhavi,term,2024-02-28 13:21:38
Bhavi,move,2024-02-28 13:21:48
Bhavi,five,2024-02-28 13:22:41
Bhavi,noun,2024-02-28 13:23:25
Bhavi,sail,2024-02-28 13:23:33
Bhavi,poor,2024-02-28 13:23:40
Bhavi,foot,2024-02-28 13:23:50
Bhavi,fall,2024-02-28 13:23:59
Bhavi,seat,2024-02-28 13:24:08
Bhavi,seed,2024-02-28 13:26:24
Bhavi,type,2024-02-28 13:26:42
Bhavi,find,2024-02-28 13:27:01
Bhavi,will,2024-02-28 13:27:08
Bhavi,area,2024-02-28 13:28:02
Bhavi,baby,2024-02-28 13:29:39
Bhavi,last,2024-02-28 13:29:52
Bhavi,with,2024-02-28 13:30:00
Bhavi,make,2024-02-28 13:30:22
Bhavi,burn,2024-02-28 13:30:30
Bhavi,best,2024-02-28 13:30:37
Bhavi,hope,2024-02-28 13:30:45
Bhavi,case,2024-02-28 13:30:55
Bhavi,bear,2024-02-28 13:31:36
Bhavi,love,2024-02-28 13:32:09
Bhavi,page,2024-02-28 13:32:32
Bhavi,time,2024-02-28 13:32:44
Bhavi,hand,2024-02-28 13:32:53
Bhavi,fine,2024-02-28 13:33:05
Bhavi,nine,2024-02-28 13:33:14
Bhavi,need,2024-02-28 13:33:29
Bhavi,warm,2024-02-28 13:33:43
Bhavi,wing,2024-02-28 13:34:08
Bhavi,made,2024-02-28 13:34:16
Bhavi,idea,2024-02-28 13:34:22
Bhavi,rich,2024-02-28 13:34:29
Bhavi,mile,2024-02-28 13:34:35
Bhavi,fell,2024-02-28 13:34:44
Bhavi,able,2024-02-28 13:35:18
Bhavi,ball,2024-02-28 13:35:25
Bhavi,lake,2024-02-28 13:35:38
Bhavi,many,2024-02-28 13:35:50
Bhavi,land,2024-02-28 13:36:03
Bhavi,bank,2024-02-28 13:36:46
Bhavi,only,2024-02-28 13:36:59
Bhavi,hear,2024-02-28 13:37:27
Bhavi,lady,2024-02-28 13:37:51
Bhavi,just,2024-02-28 13:37:59
Bhavi,come,2024-02-28 13:38:28
Bhavi,grew,2024-02-28 13:39:42
Bhavi,king,2024-02-28 13:39:49
Bhavi,dead,2024-02-28 13:40:08
Bhavi,they,2024-02-28 13:40:43
Bhavi,beat,2024-02-28 13:40:52
Bhavi,pair,2024-02-28 13:41:03
Bhavi,fill,2024-02-28 13:41:12
Bhavi,flow,2024-02-28 13:41:23
Bhavi,into,2024-02-28 13:42:17
Bhavi,inch,2024-02-28 13:42:27
Bhavi,meet,2024-02-28 13:42:56
Bhavi,left,2024-02-28 13:43:15
Bhavi,door,2024-02-28 13:43:23
Bhavi,wave,2024-02-28 13:43:44
Bhavi,city,2024-02-28 13:44:41
Bhavi,corn,2024-02-28 13:44:53
Bhavi,sign,2024-02-28 13:45:01
Bhavi,tube,2024-02-28 13:45:10
Bhavi,when,2024-02-28 13:45:20
Bhavi,join,2024-02-28 13:45:32
Bhavi,song,2024-02-28 13:45:57
Bhavi,town,2024-02-28 13:46:05
Bhavi,than,2024-02-28 13:46:26
Bhavi,pick,2024-02-28 13:46:36
Bhavi,game,2024-02-28 13:46:43
Bhavi,hunt,2024-02-28 13:46:51
Bhavi,less,2024-02-28 13:47:01
Bhavi,test,2024-02-28 13:47:09
Bhavi,deal,2024-02-28 13:47:17
Bhavi,unit,2024-02-28 13:47:30
Bhavi,tail,2024-02-28 13:47:41
Bhavi,west,2024-02-28 13:47:48
Bhavi,from,2024-02-28 13:48:43
Bhavi,post,2024-02-28 13:48:50
Bhavi,path,2024-02-28 13:48:58
Bhavi,pull,2024-02-28 13:49:17
Bhavi,atom,2024-02-28 13:49:24
Bhavi,lift,2024-02-28 13:49:33
Bhavi,hole,2024-02-28 13:49:40
Bhavi,wild,2024-02-28 13:50:03
Bhavi,bone,2024-02-28 13:50:11
Bhavi,bird,2024-02-28 13:50:21
Bhavi,kept,2024-02-28 13:50:30
Bhavi,each,2024-02-28 13:50:41
Bhavi,camp,2024-02-28 13:50:50
Bhavi,root,2024-02-28 13:50:57
Bhavi,keep,2024-02-28 13:51:33
Bhavi,dear,2024-02-28 13:51:45
Bhavi,fact,2024-02-28 13:52:17
Bhavi,mine,2024-02-28 13:52:49
Bhavi,read,2024-02-28 13:52:58
Bhavi,spot,2024-02-28 13:53:05
Bhavi,cent,2024-02-28 13:53:17
Bhavi,ship,2024-02-28 13:53:26
Bhavi,grow,2024-02-28 13:53:35
Bhavi,jump,2024-02-28 13:53:44
Bhavi,fear,2024-02-28 13:53:50
Bhavi,over,2024-02-28 13:54:00
Bhavi,same,2024-02-28 13:54:06
Bhavi,home,2024-02-28 13:55:39
Bhavi,list,2024-02-28 13:56:19
Bhavi,view,2024-02-28 13:57:30
Bhavi,that,2024-02-28 13:57:39
Bhavi,main,2024-02-28 13:57:49
Bhavi,huge,2024-02-28 13:58:14
Bhavi,lost,2024-02-28 13:58:25
Bhavi,port,2024-02-28 13:58:37
Bhavi,open,2024-02-28 13:58:45
Bhavi,your,2024-02-28 13:58:55
Bhavi,wall,2024-02-28 13:59:02
Bhavi,gold,2024-02-28 13:59:51
Bhavi,turn,2024-02-28 14:00:02
Bhavi,ring,2024-02-28 14:00:11
Bhavi,duck,2024-02-28 14:00:38
Bhavi,hair,2024-02-28 14:00:54
Bhavi,wind,2024-02-28 14:01:16
Bhavi,feel,2024-02-28 14:01:26
Bhavi,sell,2024-02-28 14:01:34
Bhavi,poem,2024-02-28 14:01:44
Bhavi,card,2024-02-28 14:02:10
Bhavi,show,2024-02-28 14:02:17
Bhavi,farm,2024-02-28 14:02:33
Bhavi,took,2024-02-28 14:02:44
Bhavi,tone,2024-02-28 14:02:59
Bhavi,born,2024-02-28 14:03:15
Bhavi,glad,2024-02-28 14:03:26
Bhavi,fire,2024-02-28 14:03:34
Bhavi,late,2024-02-28 14:03:51
Bhavi,copy,2024-02-28 14:04:05
Bhavi,crop,2024-02-28 14:05:18
Bhavi,draw,2024-02-28 14:06:19
Bhavi,cell,2024-02-28 14:06:25
Bhavi,free,2024-02-28 14:06:34
Bhavi,real,2024-02-28 14:06:57
Bhavi,slow,2024-02-28 14:07:03
Bhavi,save,2024-02-28 14:07:44
Bhavi,take,2024-02-28 14:09:24
Bhavi,them,2024-02-28 14:09:38
Bhavi,note,2024-02-28 14:09:45
Bhavi,food,2024-02-28 14:09:54
Bhavi,hour,2024-02-28 14:10:02
Bhavi,swim,2024-02-28 14:10:11
Bhavi,suit,2024-02-28 14:10:26
Bhavi,coat,2024-02-28 14:10:33
Bhavi,name,2024-02-28 14:10:41
Bhavi,care,2024-02-28 14:10:50
Bhavi,more,2024-02-28 14:11:00
Bhavi,like,2024-02-28 14:11:12
Bhavi,room,2024-02-28 14:11:21
Bhavi,star,2024-02-28 14:11:45
Bhavi,drop,2024-02-28 14:11:52
Bhavi,were,2024-02-28 14:12:04
Bhavi,dark,2024-02-28 14:12:35
Bhavi,verb,2024-02-28 14:12:56
Bhavi,want,2024-02-28 14:13:11
Bhavi,cold,2024-02-28 14:13:37
Bhavi,soft,2024-02-28 14:14:02
Bhavi,thus,2024-02-28 14:14:10
Bhavi,talk,2024-02-28 14:14:20
Bhavi,rule,2024-02-28 14:14:30
Bhavi,wide,2024-02-28 14:14:44
Bhavi,then,2024-02-28 14:14:53
Bhavi,east,2024-02-28 14:15:22
Bhavi,book,2024-02-28 14:15:38
Bhavi,ease,2024-02-28 14:15:48
Bhavi,most,2024-02-28 14:16:00
Bhavi,salt,2024-02-28 14:16:11
Bhavi,sure,2024-02-28 14:16:25
Bhavi,gray,2024-02-28 14:16:35
Bhavi,blow,2024-02-28 14:16:46
Bhavi,heat,2024-02-28 14:16:55
Bhavi,shoe,2024-02-28 14:17:34
Bhavi,hold,2024-02-28 14:17:41
Bhavi,bell,2024-02-28 14:17:48
Bhavi,edge,2024-02-28 14:18:30
Bhavi,mean,2024-02-28 14:18:43
Bhavi,mind,2024-02-28 14:18:50
Bhavi,year,2024-02-28 14:19:00
Bhavi,line,2024-02-28 14:21:02
Bhavi,neck,2024-02-28 14:21:31
Bhavi,step,2024-02-28 14:21:50
Bhavi,wish,2024-02-28 14:22:26
Bhavi,noon,2024-02-28 14:22:49
Bhavi,wire,2024-02-28 14:22:57
Bhavi,wear,2024-02-28 14:23:29
Bhavi,gone,2024-02-28 14:23:58
Bhavi,wait,2024-02-28 14:24:44
Bhavi,meat,2024-02-28 14:25:05
Bhavi,base,2024-02-28 14:25:25
Bhavi,tell,2024-02-28 14:25:45
Bhavi,live,2024-02-28 14:26:45
Bhavi,vary,2024-02-28 14:26:59
Bhavi,girl,2024-02-28 14:27:24
Bhavi,seem,2024-02-28 14:27:33
Bhavi,milk,2024-02-28 14:27:41
Bhavi,iron,2024-02-28 14:27:56
Bhavi,rail,2024-02-28 14:28:41
Bhavi,yard,2024-02-28 14:28:53
Bhavi,feed,2024-02-28 14:29:02
Bhavi,knew,2024-02-28 14:29:14
Bhavi,rise,2024-02-28 14:29:25
Bhavi,thin,2024-02-28 14:29:33
Bhavi,else,2024-02-28 14:29:44
Bhavi,fish,2024-02-28 14:29:53
Bhavi,came,2024-02-28 14:30:05
Bhavi,here,2024-02-28 14:30:31
Bhavi,much,2024-02-28 14:30:41
Bhavi,fair,2024-02-28 14:30:52
Bhavi,mouth,2024-02-29 15:56:39
Bhavi,river,2024-02-29 15:56:50
Bhavi,horse,2024-02-29 15:57:16
Bhavi,glass,2024-02-29 15:59:16
Bhavi,thank,2024-02-29 15:59:48
Bhavi,level,2024-02-29 16:00:37
Bhavi,place,2024-02-29 16:00:45
Bhavi,apple,2024-02-29 16:01:23
Bhavi,scale,2024-02-29 16:02:34
Bhavi,black,2024-02-29 16:02:46
Bhavi,drink,2024-02-29 16:02:52
Bhavi,power,2024-02-29 16:03:00
Bhavi,spend,2024-02-29 16:03:08
Bhavi,check,2024-02-29 16:03:29
Bhavi,under,2024-02-29 16:03:37
Bhavi,organ,2024-02-29 16:04:15
Bhavi,round,2024-02-29 16:04:23
Bhavi,throw,2024-02-29 16:04:44
Bhavi,still,2024-02-29 16:05:10
Bhavi,grand,2024-02-29 16:05:16
Bhavi,group,2024-02-29 16:06:18
Bhavi,fight,2024-02-29 16:06:28
Bhavi,board,2024-02-29 16:06:36
Bhavi,front,2024-02-29 16:07:31
Bhavi,child,2024-02-29 16:07:45
Bhavi,learn,2024-02-29 16:08:27
Bhavi,reach,2024-02-29 16:08:54
Bhavi,stood,2024-02-29 16:09:08
Bhavi,above,2024-02-29 16:09:18
Bhavi,speed,2024-02-29 16:09:38
Bhavi,first,2024-02-29 16:09:48
Bhavi,spell,2024-02-29 16:10:02
Bhavi,dress,2024-02-29 16:10:45
Bhavi,sight,2024-02-29 16:11:07
Bhavi,party,2024-02-29 16:11:36
Bhavi,anger,2024-02-29 16:11:58
Bhavi,class,2024-02-29 16:12:13
Bhavi,thing,2024-02-29 16:13:16
Bhavi,words,2024-02-29 16:13:26
Bhavi,ocean,2024-02-29 16:13:38
Bhavi,press,2024-02-29 16:13:50
Bhavi,raise,2024-02-29 16:15:23
Bhavi,shine,2024-02-29 16:15:39
Bhavi,south,2024-02-29 16:16:46
Bhavi,story,2024-02-29 16:17:01
Bhavi,final,2024-02-29 16:17:34
Bhavi,found,2024-02-29 16:17:55
Bhavi,happy,2024-02-29 16:18:05
Bhavi,major,2024-02-29 16:18:15
Bhavi,cloud,2024-02-29 16:18:26
Bhavi,light,2024-02-29 16:18:34
Bhavi,eight,2024-02-29 16:19:16
Bhavi,chord,2024-02-29 16:19:49
Bhavi,serve,2024-02-29 16:19:59
Bhavi,build,2024-02-29 16:20:09
Bhavi,fruit,2024-02-29 16:20:18
Bhavi,north,2024-02-29 16:21:35
Bhavi,offer,2024-02-29 16:22:11
Bhavi,dance,2024-02-29 16:22:42
Bhavi,point,2024-02-29 16:26:49
Bhavi,steel,2024-02-29 16:26:56
Bhavi,sheet,2024-02-29 16:27:31
Bhavi,heart,2024-02-29 21:58:41
Bhavi,should,2024-02-29 21:58:55
Bhavi,sleep,2024-02-29 21:59:30
Bhavi,least,2024-02-29 21:59:52
Bhavi,garden,2024-02-29 22:00:03
Bhavi,school,2024-02-29 22:00:12
Bhavi,sugar,2024-02-29 22:00:22
Bhavi,square,2024-02-29 22:00:40
Bhavi,winter,2024-02-29 22:00:49
Bhavi,master,2024-02-29 22:00:57
Bhavi,paint,2024-02-29 22:01:43
Bhavi,plant,2024-02-29 22:02:08
Bhavi,force,2024-02-29 22:02:34
Bhavi,blood,2024-02-29 22:02:45
Bhavi,family,2024-02-29 22:03:56
Bhavi,clock,2024-02-29 22:04:56
Bhavi,always,2024-02-29 22:05:05
Bhavi,finger,2024-02-29 22:05:13
Bhavi,small,2024-02-29 22:05:40
Bhavi,market,2024-02-29 22:05:54
Bhavi,spread,2024-02-29 22:06:31
Bhavi,study,2024-02-29 22:07:01
Bhavi,equal,2024-02-29 22:07:16
Bhavi,season,2024-02-29 22:08:14
Bhavi,office,2024-02-29 22:08:54
Bhavi,single,2024-02-29 22:09:06
Bhavi,after,2024-02-29 22:09:37
Bhavi,charge,2024-02-29 22:09:54
Bhavi,liquid,2024-02-29 22:10:50
Bhavi,earth,2024-02-29 22:11:31
Bhavi,insect,2024-02-29 22:11:42
Bhavi,common,2024-02-29 22:13:54
Bhavi,bright,2024-02-29 22:14:36
Bhavi,locate,2024-02-29 22:14:57
Bhavi,simple,2024-02-29 22:15:18
Bhavi,second,2024-02-29 22:15:37
Bhavi,branch,2024-02-29 22:15:48
Bhavi,little,2024-02-29 22:15:59
Bhavi,divide,2024-02-29 22:16:11
Bhavi,period,2024-02-29 22:16:53
Bhavi,beauty,2024-02-29 22:18:19
Bhavi,flower,2024-02-29 22:18:29
Bhavi,letter,2024-02-29 22:18:41
Bhavi,moment,2024-02-29 22:18:53
Bhavi,behind,2024-02-29 22:19:25
Bhavi,record,2024-02-29 22:19:37
Bhavi,famous,2024-02-29 22:19:56
Bhavi,people,2024-02-29 22:20:04
Bhavi,animal,2024-02-29 22:20:28
Bhavi,forest,2024-02-29 22:21:08
Bhavi,magnet,2024-02-29 22:21:19
Bhavi,yellow,2024-02-29 22:21:33
Bhavi,danger,2024-02-29 22:21:40
Bhavi,matter,2024-02-29 22:24:01
Bhavi,travel,2024-02-29 22:24:11
Bhavi,double,2024-02-29 22:24:22
Bhavi,differ,2024-02-29 22:24:32
Bhavi,person,2024-02-29 22:24:40
Bhavi,weight,2024-02-29 22:24:52
Bhavi,street,2024-02-29 22:25:40
Bhavi,dollar,2024-02-29 22:26:17
Bhavi,create,2024-02-29 22:26:34
Bhavi,father,2024-02-29 22:26:41
Bhavi,silent,2024-02-29 22:26:51
Bhavi,notice,2024-02-29 22:27:02
Bhavi,region,2024-02-29 22:29:11
Bhavi,parent,2024-02-29 22:29:20
Bhavi,strong,2024-02-29 22:29:30
Bhavi,called,2024-02-29 22:30:13
Bhavi,proper,2024-02-29 22:30:40
Bhavi,speech,2024-02-29 22:31:14
Bhavi,repeat,2024-02-29 22:31:23
Bhavi,finish,2024-02-29 22:31:36
Bhavi,choose,2024-02-29 22:31:50
Bhavi,method,2024-02-29 22:32:18
Bhavi,object,2024-02-29 22:32:31
Bhavi,arrive,2024-02-29 22:32:39
Bhavi,afraid,2024-02-29 22:32:52
Bhavi,answer,2024-02-29 22:33:00
Bhavi,island,2024-02-29 22:34:13
Bhavi,spring,2024-02-29 22:35:01
Bhavi,better,2024-02-29 22:35:34
Bhavi,mother,2024-02-29 22:36:10
Bhavi,follow,2024-02-29 22:36:18
Bhavi,bottom,2024-02-29 22:36:43
Bhavi,middle,2024-02-29 22:37:08
Bhavi,wonder,2024-02-29 22:37:18
Bhavi,direct,2024-02-29 22:37:45
Bhavi,silver,2024-02-29 22:37:54
Bhavi,please,2024-02-29 22:38:03
Bhavi,nation,2024-02-29 22:38:30
Bhavi,energy,2024-02-29 22:38:39
Bhavi,friend,2024-02-29 22:40:05
Bhavi,suffix,2024-02-29 22:40:15
Bhavi,doctor,2024-02-29 22:40:24
Bhavi,minute,2024-02-29 22:40:57
Bhavi,change,2024-02-29 22:41:21
Bhavi,cotton,2024-02-29 22:41:30
Bhavi,during,2024-02-29 22:42:30
Bhavi,search,2024-02-29 22:43:01
Bhavi,motion,2024-02-29 22:43:35
Bhavi,number,2024-02-29 22:43:44
Bhavi,circle,2024-02-29 22:45:01
Bhavi,twenty,2024-02-29 22:45:14
Bhavi,ground,2024-02-29 22:45:45
Bhavi,before,2024-02-29 22:46:14
Bhavi,toward,2024-02-29 22:46:23
Bhavi,modern,2024-02-29 22:48:21
Bhavi,gather,2024-02-29 22:49:57
Bhavi,either,2024-02-29 22:50:48
Bhavi,depend,2024-02-29 22:50:59
Bhavi,string,2024-02-29 22:51:10
Bhavi,summer,2024-02-29 22:51:38
Bhavi,govern,2024-02-29 22:51:58
Bhavi,excite,2024-02-29 22:52:16
Bhavi,nature,2024-02-29 22:52:29
Bhavi,engine,2024-02-29 22:53:24
Bhavi,symbol,2024-02-29 22:53:41
Bhavi,listen,2024-02-29 22:53:51
Bhavi,desert,2024-02-29 22:57:46
Bhavi,rather,2024-02-29 22:59:16
Bhavi,stream,2024-02-29 22:59:58
Bhavi,chance,2024-03-01 10:14:00
Bhavi,system,2024-03-01 10:15:16
Bhavi,except,2024-03-01 10:15:30
Bhavi,decide,2024-03-01 10:15:39
Bhavi,reason,2024-03-01 10:16:29
Bhavi,colony,2024-03-01 10:17:23
Bhavi,oxygen,2024-03-01 10:17:37
Bhavi,though,2024-03-01 10:18:10
Bhavi,select,2024-03-01 10:18:37
Bhavi,effect,2024-03-01 10:18:51
Bhavi,bought,2024-03-01 10:19:06
Bhavi,planet,2024-03-01 10:19:34
Bhavi,appear,2024-03-01 10:19:50
Bhavi,course,2024-03-01 10:20:22
Bhavi,column,2024-03-01 10:23:07
Bhavi,result,2024-03-01 10:24:33
Bhavi,plural,2024-03-01 10:24:53
Bhavi,sudden,2024-03-01 10:25:51
Bhavi,clothe,2024-03-01 10:26:02
Bhavi,degree,2024-03-01 10:26:16
Bhavi,valley,2024-03-01 10:27:29
Bhavi,settle,2024-03-01 10:27:45
Bhavi,crease,2024-03-01 10:28:12
Bhavi,equate,2024-03-01 10:28:34
Bhavi,gentle,2024-03-01 10:28:49
Bhavi,invent,2024-03-01 10:29:27
Bhavi,happen,2024-03-01 10:29:41
Bhavi,window,2024-03-01 10:31:01
Bhavi,center,2024-03-01 10:31:11
Bhavi,design,2024-03-01 10:31:28
Bhavi,figure,2024-03-01 10:31:56
Bhavi,supply,2024-03-01 10:33:25
Bhavi,expect,2024-03-01 10:34:31
Bhavi,corner,2024-03-01 10:35:39
Bhavi,sister,2024-03-01 10:36:18
Bhavi,enough,2024-03-01 10:36:29
Bhavi,melody,2024-03-01 10:37:32
Bhavi,phrase,2024-03-01 10:37:45
Bhavi,pretty,2024-03-01 10:37:53
Bhavi,caught,2024-03-01 10:38:28
Bhavi,length,2024-03-01 10:39:18
Bhavi,prove,2024-03-01 10:39:56
Bhavi,state,2024-03-01 10:40:11
Bhavi,watch,2024-03-01 10:40:19
Bhavi,agree,2024-03-01 10:40:33
Bhavi,where,2024-03-01 10:40:47
Bhavi,skill,2024-03-01 10:41:05
Bhavi,stand,2024-03-01 10:41:14
Bhavi,water,2024-03-01 10:41:29
Bhavi,seven,2024-03-01 10:41:38
Bhavi,bread,2024-03-01 10:41:50
Bhavi,broke,2024-03-01 10:42:44
Bhavi,quite,2024-03-01 10:43:07
Bhavi,shall,2024-03-01 10:43:55
Bhavi,house,2024-03-01 10:44:57
Bhavi,these,2024-03-01 10:45:53
Bhavi,dream,2024-03-01 10:46:12
Bhavi,shape,2024-03-01 10:46:27
Bhavi,sense,2024-03-01 10:46:38
Bhavi,think,2024-03-01 10:46:47
Bhavi,order,2024-03-01 10:47:28
Bhavi,enter,2024-03-01 10:47:37
Bhavi,human,2024-03-01 10:49:01
Bhavi,wrote,2024-03-01 10:49:12
Bhavi,pitch,2024-03-01 10:49:43
Bhavi,cover,2024-03-01 10:50:02
Bhavi,noise,2024-03-01 10:50:39
Bhavi,touch,2024-03-01 10:51:24
Bhavi,world,2024-03-01 10:51:35
Bhavi,block,2024-03-01 10:52:05
Bhavi,fresh,2024-03-01 10:52:37
Bhavi,sharp,2024-03-01 10:53:03
Bhavi,write,2024-03-01 10:54:22
Bhavi,drive,2024-03-01 10:55:35
Bhavi,track,2024-03-01 10:55:44
Bhavi,stone,2024-03-01 10:56:02
Bhavi,night,2024-03-01 10:56:10
Bhavi,break,2024-03-01 10:56:20
Bhavi,grass,2024-03-01 10:56:29
Bhavi,short,2024-03-01 10:56:44
Bhavi,carry,2024-03-01 10:56:56
Bhavi,shell,2024-03-01 10:57:04
Bhavi,print,2024-03-01 10:57:14
Bhavi,metal,2024-03-01 10:58:08
Bhavi,match,2024-03-01 10:58:55
Bhavi,radio,2024-03-01 10:59:41
Bhavi,heard,2024-03-01 11:00:51
Bhavi,favor,2024-03-01 11:02:12
Bhavi,clean,2024-03-01 11:02:27
Bhavi,laugh,2024-03-01 11:02:53
Bhavi,early,2024-03-01 11:03:05
Bhavi,spoke,2024-03-01 11:03:38
Bhavi,would,2024-03-01 11:05:39
Bhavi,smell,2024-03-01 11:06:07
Bhavi,cross,2024-03-01 11:06:21
Bhavi,reply,2024-03-01 11:06:57
Bhavi,teach,2024-03-01 11:07:50
Bhavi,train,2024-03-01 11:07:57
Bhavi,while,2024-03-01 11:08:49
Bhavi,chart,2024-03-01 11:09:31
Bhavi,paper,2024-03-01 11:09:41
Bhavi,wheel,2024-03-01 11:09:57
Bhavi,chief,2024-03-01 11:10:09
Bhavi,ready,2024-03-01 11:11:00
Bhavi,enemy,2024-03-01 11:11:11
Bhavi,leave,2024-03-01 11:11:21
Bhavi,store,2024-03-01 11:11:42
Bhavi,color,2024-03-01 11:13:28
Bhavi,never,2024-03-01 11:13:37
Bhavi,don't,2024-03-01 11:13:56
Bhavi,there,2024-03-01 11:14:05
Bhavi,might,2024-03-01 11:14:39
Bhavi,start,2024-03-01 11:14:53
Bhavi,young,2024-03-01 11:15:32
Bhavi,again,2024-03-01 11:16:05
Bhavi,guess,2024-03-01 11:16:39
Bhavi,quick,2024-03-01 11:16:56
Bhavi,stick,2024-03-01 11:17:32
Bhavi,white,2024-03-01 11:17:44
Bhavi,meant,2024-03-01 11:18:12
Bhavi,trade,2024-03-01 11:18:22
Bhavi,cause,2024-03-01 11:20:33
Bhavi,smile,2024-03-01 11:20:41
Bhavi,begin,2024-03-01 11:20:51
Bhavi,chick,2024-03-01 11:21:06
Bhavi,event,2024-03-01 11:21:25
Bhavi,usual,2024-03-01 11:22:46
Bhavi,women,2024-03-01 11:22:57
Bhavi,since,2024-03-01 11:23:15
Bhavi,claim,2024-03-01 11:23:40
Bhavi,woman,2024-03-01 11:23:51
Bhavi,thick,2024-03-01 11:24:05
Bhavi,death,2024-03-01 11:24:49
Bhavi,space,2024-03-01 11:25:00
Bhavi,chair,2024-03-01 11:25:58
Bhavi,catch,2024-03-01 11:27:23
Bhavi,guide,2024-03-01 11:27:37
Bhavi,pound,2024-03-01 11:27:54
Bhavi,basic,2024-03-01 11:28:06
Bhavi,vowel,2024-03-01 11:28:32
Bhavi,large,2024-03-01 11:28:41
Bhavi,often,2024-03-01 11:28:53
Bhavi,great,2024-03-01 11:29:03
Bhavi,mount,2024-03-01 11:29:55
Bhavi,climb,2024-03-01 11:30:13
Bhavi,slave,2024-03-01 11:32:43
Bhavi,among,2024-03-01 11:33:06
Bhavi,brown,2024-03-01 11:33:17
Bhavi,broad,2024-03-01 11:34:21
Bhavi,allow,2024-03-01 11:34:31
Bhavi,table,2024-03-01 11:35:08
Bhavi,truck,2024-03-01 11:36:39
Bhavi,hurry,2024-03-01 11:37:35
Bhavi,green,2024-03-01 11:37:51
Bhavi,range,2024-03-01 11:38:53
Bhavi,score,2024-03-01 11:39:10
Bhavi,bring,2024-03-01 11:39:28
Bhavi,value,2024-03-01 11:40:32
Bhavi,quart,2024-03-01 11:40:49
Bhavi,solve,2024-03-01 11:40:59
Bhavi,their,2024-03-01 11:41:08
Bhavi,speak,2024-03-01 11:41:26
Bhavi,money,2024-03-01 11:41:37
Bhavi,until,2024-03-01 11:42:47
Bhavi,total,2024-03-01 11:42:54
Bhavi,every,2024-03-01 11:44:44
Bhavi,those,2024-03-01 11:44:57
Bhavi,wrong,2024-03-01 11:45:11
Bhavi,right,2024-03-01 11:45:21
Bhavi,teeth,2024-03-01 11:45:44
Bhavi,could,2024-03-01 11:46:00
Bhavi,sound,2024-03-01 11:46:10
Bhavi,exact,2024-03-01 11:46:23
Bhavi,share,2024-03-01 11:47:06
Bhavi,count,2024-03-01 11:47:38
Bhavi,steam,2024-03-01 11:47:47
Bhavi,whose,2024-03-01 11:48:36
Bhavi,crowd,2024-03-01 11:49:07
Bhavi,which,2024-03-01 11:49:37
Bhavi,music,2024-03-01 11:49:46
Bhavi,voice,2024-03-01 11:50:11
Bhavi,about,2024-03-01 11:50:28
Bhavi,heavy,2024-03-01 11:50:48
Bhavi,third,2024-03-01 11:51:01
Bhavi,occur,2024-03-01 11:51:10
Bhavi,quiet,2024-03-01 11:53:34
Bhavi,clear,2024-03-01 11:54:02
Bhavi,field,2024-03-01 11:54:30
Bhavi,floor,2024-03-01 11:54:39
Bhavi,other,2024-03-01 11:55:01
Bhavi,stead,2024-03-01 11:56:38
Bhavi,piece,2024-03-01 11:56:46
Bhavi,shore,2024-03-01 11:57:15
Bhavi,three,2024-03-01 11:58:16
Bhavi,visit,2024-03-01 11:58:41
Bhavi,close,2024-03-01 11:58:51
Bhavi,coast,2024-03-01 11:59:28
Bhavi,g,2024-03-02 10:52:08
Bhavi,g,2024-03-02 10:52:15
Bhavi,s,2024-03-02 10:52:19
Bhavi,i,2024-03-02 10:52:22
Bhavi,s,2024-03-02 10:52:26
Bhavi,hi,2024-03-02 11:31:47
Bhavi,sex,2024-03-02 11:36:22
Bhavi,pig,2024-03-02 11:37:36
Bhavi,fix,2024-03-02 11:37:46
Bhavi,bee,2024-03-02 11:38:33
Bhavi,dim,2024-03-02 11:39:34
Bhavi,won,2024-03-02 11:40:52
Bhavi,ink,2024-03-02 11:41:00
Bhavi,rid,2024-03-02 11:41:45
Bhavi,mid,2024-03-02 11:41:59
Bhavi,pen,2024-03-02 11:42:07
Bhavi,gland,2024-03-04 14:52:54
Bhavi,snake,2024-03-04 14:58:49
Bhavi,consider,2024-03-06 13:24:49
Bhavi,onion,2024-03-06 16:07:54
Bhavi,filling,2024-03-06 16:08:12
Bhavi,comfortable,2024-03-06 16:08:34
Bhavi,earthworm,2024-03-06 16:08:45
Bhavi,compound,2024-03-06 16:10:34
Bhavi,remains,2024-03-06 16:12:45
Bhavi,leads,2024-03-06 16:12:58
Bhavi,blind,2024-03-06 16:13:06
Bhavi,ginger,2024-03-06 16:13:21
Bhavi,soluble,2024-03-06 16:14:08
Bhavi,continue,2024-03-06 16:15:33
Bhavi,slowly,2024-03-06 16:18:08
Bhavi,cycle,2024-03-06 16:18:18
Bhavi,withdrawing,2024-03-06 16:19:00
Bhavi,useful,2024-03-06 16:20:32
Bhavi,striking,2024-03-06 16:20:56
Bhavi,historical,2024-03-06 16:21:17
Bhavi,kilogram,2024-03-06 16:22:43
Bhavi,identical,2024-03-06 16:24:07
Bhavi,working,2024-03-06 16:26:13
Bhavi,twisted,2024-03-06 16:26:24
Bhavi,uncooked,2024-03-06 16:26:36
Bhavi,backing,2024-03-06 16:27:32
Bhavi,breathe,2024-03-06 16:27:54
Bhavi,respond,2024-03-06 16:28:15
Bhavi,exposed,2024-03-06 16:29:43
Bhavi,football,2024-03-06 16:29:53
Bhavi,fused,2024-03-06 16:30:23
Bhavi,ladyfinger,2024-03-06 16:30:54
Bhavi,kick,2024-03-06 16:32:09
Bhavi,present,2024-03-06 16:32:40
Bhavi,provide,2024-03-06 16:33:44
Bhavi,indoor,2024-03-06 16:34:41
Bhavi,breath,2024-03-06 16:36:25
Bhavi,kicking,2024-03-06 16:36:55
Bhavi,included,2024-03-06 16:39:23
Bhavi,rapidly,2024-03-06 16:40:26
Bhavi,whereas,2024-03-06 16:41:49
Bhavi,content,2024-03-06 16:44:26
Bhavi,gliding,2024-03-06 16:48:54
Bhavi,elephant,2024-03-06 16:50:00
Bhavi,pigment,2024-03-06 16:50:15
Bhavi,mountain,2024-03-06 16:52:03
Bhavi,news,2024-03-06 16:54:29
Bhavi,mash,2024-03-06 16:55:58
Bhavi,deposition,2024-03-06 16:56:33
Bhavi,cocoon,2024-03-06 16:56:45
Bhavi,improving,2024-03-06 16:57:35
Bhavi,tank,2024-03-06 16:57:48
Bhavi,detail,2024-03-06 16:58:10
Bhavi,flesh,2024-03-06 22:56:39
Bhavi,artificial,2024-03-06 22:58:30
Bhavi,pom,2024-03-06 22:58:55
Bhavi,yea,2024-03-06 22:59:07
Bhavi,measure,2024-03-06 22:59:20
Bhavi,gaining,2024-03-06 23:01:14
Bhavi,sunflower,2024-03-06 23:01:53
Bhavi,burst,2024-03-06 23:02:04
Bhavi,thought,2024-03-06 23:02:53
Bhavi,decay,2024-03-06 23:03:10
Bhavi,rod,2024-03-06 23:03:23
Bhavi,blinking,2024-03-06 23:03:32
Bhavi,tip,2024-03-06 23:04:32
Bhavi,groundnut,2024-03-06 23:04:52
Bhavi,alike,2024-03-06 23:05:32
Bhavi,extracted,2024-03-06 23:06:03
Bhavi,style,2024-03-06 23:06:40
Bhavi,division,2024-03-06 23:07:38
Bhavi,division,2024-03-06 23:09:44
Bhavi,march,2024-03-06 23:10:12
Bhavi,suddenly,2024-03-06 23:10:30
Bhavi,jug,2024-03-06 23:10:41
Bhavi,difference,2024-03-06 23:11:17
Bhavi,transportation,2024-03-06 23:13:23
Bhavi,september,2024-03-06 23:13:49
Bhavi,maternal,2024-03-06 23:14:33
Bhavi,boiling,2024-03-06 23:14:51
Bhavi,evening,2024-03-06 23:15:11
Bhavi,slight,2024-03-06 23:15:24
Bhavi,away,2024-03-06 23:16:39
Bhavi,normal,2024-03-06 23:16:51
Bhavi,freely,2024-03-06 23:19:17
Bhavi,shoulder,2024-03-06 23:19:29
Bhavi,seen,2024-03-06 23:20:38
Bhavi,silkworm,2024-03-06 23:20:49
Bhavi,starch,2024-03-06 23:21:15
Bhavi,fed,2024-03-06 23:21:21
Bhavi,spindle,2024-03-06 23:21:35
Bhavi,dogs,2024-03-06 23:21:47
Bhavi,tapping,2024-03-06 23:22:09
Bhavi,sai,2024-03-06 23:22:39
Bhavi,reference,2024-03-06 23:23:27
Bhavi,success,2024-03-06 23:24:27
Bhavi,proved,2024-03-06 23:24:45
Bhavi,adult,2024-03-06 23:25:17
Bhavi,prepared,2024-03-06 23:27:41
Bhavi,scientist,2024-03-06 23:27:54
Bhavi,tissue,2024-03-06 23:28:15
Bhavi,fixed,2024-03-06 23:28:30
Bhavi,overnight,2024-03-06 23:29:14
Bhavi,curd,2024-03-06 23:29:31
Bhavi,outermost,2024-03-06 23:32:39
Bhavi,hundred,2024-03-06 23:34:33
Bhavi,item,2024-03-06 23:35:04
Bhavi,tied,2024-03-06 23:35:18
Bhavi,undertook,2024-03-07 16:11:12
Bhavi,bulb,2024-03-07 16:12:28
Bhavi,intestine,2024-03-07 16:13:10
Bhavi,malate,2024-03-07 16:14:28
Bhavi,average,2024-03-07 16:14:38
Bhavi,china,2024-03-07 16:14:50
Bhavi,brain,2024-03-07 16:15:00
Bhavi,pattern,2024-03-07 16:15:08
Bhavi,wit,2024-03-07 16:15:18
Bhavi,eliminate,2024-03-07 16:15:50
Bhavi,flytrap,2024-03-07 16:16:01
Bhavi,covered,2024-03-07 16:16:56
Bhavi,glide,2024-03-07 16:19:01
Bhavi,hinge,2024-03-07 16:19:38
Bhavi,sage,2024-03-07 16:19:44
Bhavi,extra,2024-03-07 16:20:06
Bhavi,warmer,2024-03-07 16:20:19
Bhavi,absorber,2024-03-07 16:20:59
Bhavi,segment,2024-03-07 16:21:10
Bhavi,burner,2024-03-07 16:21:20
Bhavi,pump,2024-03-07 16:22:16
Bhavi,butter,2024-03-07 16:23:15
Bhavi,sunlight,2024-03-07 16:23:52
Bhavi,sting,2024-03-07 16:24:01
Bhavi,weak,2024-03-07 16:24:10
Bhavi,bending,2024-03-07 16:25:34
Bhavi,handle,2024-03-07 16:26:14
Bhavi,remove,2024-03-07 16:28:16
Bhavi,layer,2024-03-07 16:28:48
Bhavi,shake,2024-03-07 16:28:58
Bhavi,subject,2024-03-07 16:29:24
Bhavi,zebra,2024-03-07 16:31:33
Bhavi,skeletal,2024-03-07 16:32:45
Bhavi,between,2024-03-07 16:34:17
Bhavi,domestic,2024-03-07 16:34:29
Bhavi,walking,2024-03-07 16:35:00
Bhavi,manufacture,2024-03-07 16:35:58
Bhavi,mats,2024-03-07 16:36:09
Bhavi,button,2024-03-07 16:37:22
Bhavi,powder,2024-03-07 16:38:47
Bhavi,produce,2024-03-07 16:41:09
Bhavi,melting,2024-03-07 16:41:20
Bhavi,wavelike,2024-03-07 16:41:35
Bhavi,retaining,2024-03-07 16:41:53
Bhavi,delicate,2024-03-07 16:43:00
Bhavi,reaction,2024-03-07 16:43:31
Bhavi,glowing,2024-03-07 16:43:43
Bhavi,reading,2024-03-07 16:46:10
Bhavi,correct,2024-03-07 16:46:39
Bhavi,question,2024-03-07 16:46:59
Bhavi,rim,2024-03-07 16:48:14
Bhavi,observe,2024-03-07 16:48:47
Bhavi,continent,2024-03-07 16:50:17
Bhavi,shoot,2024-03-07 16:53:24
Bhavi,knife,2024-03-07 16:53:50
Bhavi,supervision,2024-03-07 16:54:56
Bhavi,silt,2024-03-07 16:55:12
Bhavi,stigma,2024-03-07 16:55:21
Bhavi,burning,2024-03-07 16:55:33
Bhavi,eaten,2024-03-07 16:56:16
Bhavi,skull,2024-03-07 16:56:27
Bhavi,hobby,2024-03-07 16:56:44
Bhavi,undergo,2024-03-07 16:59:06
Bhavi,holding,2024-03-07 17:00:35
Bhavi,indoors,2024-03-07 17:00:50
Bhavi,selling,2024-03-07 17:01:13
Bhavi,pipe,2024-03-07 17:01:21
Bhavi,contract,2024-03-07 17:02:29
Bhavi,snail,2024-03-07 17:02:36
Bhavi,transport,2024-03-07 17:03:27
Bhavi,cleaning,2024-03-07 17:04:54
Bhavi,rainy,2024-03-07 17:05:04
Bhavi,lunch,2024-03-07 17:05:12
Bhavi,solid,2024-03-07 17:06:00
Bhavi,flowering,2024-03-07 17:06:13
Bhavi,gooseberry,2024-03-07 17:06:53
Bhavi,grind,2024-03-07 17:09:06
Bhavi,chain,2024-03-07 17:11:22
Bhavi,tray,2024-03-07 17:11:46
Bhavi,container,2024-03-07 17:12:01
Bhavi,condenser,2024-03-07 17:12:21
Bhavi,elbow,2024-03-07 17:12:49
Bhavi,worm,2024-03-07 17:12:59
Bhavi,plain,2024-03-07 17:13:52
Bhavi,unsure,2024-03-07 17:14:46
Bhavi,contact,2024-03-07 17:15:28
Bhavi,cone,2024-03-07 17:17:15
Bhavi,taking,2024-03-07 17:18:28
Bhavi,washing,2024-03-07 17:18:55
Bhavi,anything,2024-03-07 17:19:27
Bhavi,beetle,2024-03-07 17:19:45
Bhavi,sodium,2024-03-07 17:20:02
Bhavi,investigate,2024-03-07 17:21:04
Bhavi,filter,2024-03-07 17:25:44
Bhavi,pluck,2024-03-07 17:28:01
Bhavi,itself,2024-03-07 17:28:43
Bhavi,fractional,2024-03-07 17:30:18
Bhavi,respective,2024-03-07 17:31:05
Bhavi,grown,2024-03-07 17:31:33
Bhavi,sandpaper,2024-03-07 17:31:44
Bhavi,sacking,2024-03-12 16:44:10
Bhavi,ate,2024-03-12 16:44:24
Bhavi,interactive,2024-03-12 16:47:06
Bhavi,spinal,2024-03-12 16:47:23
Bhavi,oven,2024-03-12 16:47:48
Bhavi,loading,2024-03-12 16:49:05
Bhavi,diagram,2024-03-12 16:53:34
Bhavi,towards,2024-03-12 16:54:20
Bhavi,folded,2024-03-12 16:54:38
Bhavi,sides,2024-03-12 16:59:06
Bhavi,india,2024-03-12 16:59:41
Bhavi,presentation,2024-03-12 17:00:03
Bhavi,tribute,2024-03-12 17:02:31
Bhavi,habit,2024-03-12 17:02:41
Bhavi,word,2024-03-12 17:03:19
Bhavi,require,2024-03-12 17:03:45
Bhavi,bag,2024-03-12 20:23:20
Bhavi,ill,2024-03-12 20:24:01
Bhavi,era,2024-03-12 20:24:33
Bhavi,ash,2024-03-12 20:24:48
Bhavi,bow,2024-03-12 20:25:06
Bhavi,wet,2024-03-12 20:25:11
Bhavi,cap,2024-03-12 20:25:16
Bhavi,pot,2024-03-12 20:25:33
Bhavi,raw,2024-03-12 20:25:39
Bhavi,tea,2024-03-12 20:25:57
Bhavi,tap,2024-03-12 20:26:02
Bhavi,fan,2024-03-12 20:26:13
Bhavi,wax,2024-03-12 20:26:21
Bhavi,dig,2024-03-12 20:28:06
Bhavi,due,2024-03-12 20:28:15
Bhavi,oak,2024-03-12 20:28:22
Bhavi,sal,2024-03-12 20:28:33
Bhavi,fur,2024-03-12 20:28:57
Bhavi,gee,2024-03-12 20:29:05
Bhavi,dal,2024-03-12 20:29:25
Bhavi,pea,2024-03-12 20:29:31
Bhavi,ret,2024-03-12 20:29:40
Bhavi,dip,2024-03-12 20:30:42
Bhavi,cup,2024-03-12 20:30:51
Bhavi,poe,2024-03-12 20:31:37
Bhavi,mud,2024-03-12 20:31:44
Bhavi,tar,2024-03-12 20:31:50
Bhavi,jar,2024-03-12 20:33:15
Bhavi,soe,2024-03-12 20:33:23
Bhavi,lab,2024-03-12 20:33:31
Bhavi,sil,2024-03-12 20:33:36
Bhavi,sue,2024-03-12 20:34:15
Bhavi,awa,2024-03-12 20:34:24
Bhavi,hip,2024-03-12 20:34:31
Bhavi,rib,2024-03-12 20:35:00
Bhavi,bud,2024-03-12 20:35:47
Bhavi,sin,2024-03-12 20:36:16
Bhavi,oes,2024-03-12 20:36:40
Bhavi,pet,2024-03-12 20:36:47
Bhavi,pow,2024-03-12 20:37:27
Bhavi,web,2024-03-12 20:38:07
Bhavi,maw,2024-03-12 20:39:09
Bhavi,fee,2024-03-12 20:39:15
Bhavi,jaw,2024-03-12 20:42:50
Bhavi,fin,2024-03-12 20:43:03
Bhavi,woe,2024-03-12 20:43:27
Bhavi,ped,2024-03-12 20:43:37
Bhavi,taste,2024-03-12 20:47:07
Bhavi,almost,2024-03-12 20:48:03
Bhavi,protective,2024-03-12 20:48:57
Bhavi,inserted,2024-03-12 20:49:13
Bhavi,breeze,2024-03-12 20:49:45
Bhavi,dust,2024-03-12 20:49:52
Bhavi,winnowing,2024-03-12 20:51:45
Bhavi,trapped,2024-03-12 20:51:55
Bhavi,stuffing,2024-03-12 20:52:06
Bhavi,drug,2024-03-12 20:53:19
Bhavi,flask,2024-03-12 20:54:02
Bhavi,denim,2024-03-12 20:54:12
Bhavi,formed,2024-03-12 20:54:55
Bhavi,wick,2024-03-12 20:56:50
Bhavi,wrap,2024-03-12 20:56:57
Bhavi,worn,2024-03-12 20:57:06
Bhavi,outline,2024-03-13 16:10:32
Bhavi,specific,2024-03-13 16:11:35
Bhavi,wooden,2024-03-13 16:12:31
Bhavi,dent,2024-03-13 16:12:59
Bhavi,robot,2024-03-13 16:13:11
Bhavi,closely,2024-03-13 16:14:45
Bhavi,english,2024-03-13 16:16:08
Bhavi,evaporation,2024-03-13 16:16:20
Bhavi,maximum,2024-03-13 16:17:35
Bhavi,divided,2024-03-13 16:17:44
Bhavi,underground,2024-03-13 16:18:43
Bhavi,tour,2024-03-13 16:21:20
Bhavi,computer,2024-03-13 16:21:31
Bhavi,covering,2024-03-13 16:22:36
Bhavi,leafy,2024-03-13 16:22:47
Bhavi,structural,2024-03-13 16:24:16
Bhavi,suffer,2024-03-13 16:24:52
Bhavi,used,2024-03-13 16:25:01
Bhavi,looking,2024-03-13 16:30:30
Bhavi,suck,2024-03-13 16:31:09
Bhavi,flap,2024-03-13 16:31:17
Bhavi,easy,2024-03-13 16:31:58
Bhavi,date,2024-03-13 16:33:09
Bhavi,quiz,2024-03-13 16:36:44
Bhavi,silk,2024-03-13 16:37:06
Bhavi,peel,2024-03-13 16:40:09
Bhavi,task,2024-03-13 16:40:16
Bhavi,hung,2024-03-13 16:40:34
Bhavi,ugly,2024-03-13 16:40:44
Bhavi,goat,2024-03-13 16:41:23
Bhavi,lens,2024-03-13 16:41:31
Bhavi,pine,2024-03-13 16:41:42
Bhavi,cage,2024-03-13 16:42:07
Bhavi,nana,2024-03-13 16:44:13
Bhavi,pain,2024-03-13 16:44:26
Bhavi,risk,2024-03-13 16:44:48
Bhavi,coin,2024-03-13 16:45:51
Bhavi,clip,2024-03-13 16:45:58
Bhavi,neem,2024-03-13 16:47:10
Bhavi,rice,2024-03-13 16:47:17
Bhavi,pond,2024-03-13 16:48:09
Bhavi,omer,2024-03-13 16:48:38
Bhavi,prop,2024-03-13 16:48:47
Bhavi,rear,2024-03-13 16:50:44
Bhavi,tear,2024-03-13 16:50:51
Bhavi,boil,2024-03-13 16:51:09
Bhavi,ghee,2024-03-13 16:51:21
Bhavi,onto,2024-03-13 16:51:27
Bhavi,spun,2024-03-13 16:52:22
Bhavi,sink,2024-03-13 16:52:31
Bhavi,hail,2024-03-13 16:52:45
Bhavi,prey,2024-03-13 16:53:13
Bhavi,seal,2024-03-13 16:54:27
Bhavi,gram,2024-03-13 16:54:36
Bhavi,rate,2024-03-13 16:55:24
Bhavi,fold,2024-03-13 16:56:01
Bhavi,meal,2024-03-13 16:56:30
Bhavi,rama,2024-03-13 16:56:40
Bhavi,melt,2024-03-13 16:57:13
Bhavi,fuse,2024-03-13 16:58:01
Bhavi,wool,2024-03-13 16:58:07
Bhavi,pale,2024-03-13 16:58:15
Bhavi,bulk,2024-03-13 16:58:57
Bhavi,goes,2024-03-13 16:59:19
Bhavi,soda,2024-03-13 16:59:40
Bhavi,eats,2024-03-13 17:00:33
Bhavi,role,2024-03-13 17:00:45
Bhavi,loom,2024-03-13 17:00:56
Bhavi,knee,2024-03-13 17:01:04
Bhavi,alum,2024-03-13 17:01:13
Bhavi,load,2024-03-13 17:01:19
Bhavi,TRUE,2024-03-13 17:01:26
Bhavi,cand,2024-03-13 17:01:42
Bhavi,arms,2024-03-13 17:01:51
Bhavi,mist,2024-03-13 17:01:59
Bhavi,heal,2024-03-13 17:02:05
Bhavi,leaf,2024-03-13 17:02:28
Bhavi,bony,2024-03-13 17:02:45
Bhavi,calf,2024-03-13 17:03:08
Bhavi,lack,2024-03-13 17:12:57
Bhavi,bend,2024-03-13 17:13:08
Bhavi,neat,2024-03-13 17:14:32
Bhavi,tilt,2024-03-13 17:14:54
Bhavi,rust,2024-03-13 17:15:27
Bhavi,deer,2024-03-13 17:15:32
Bhavi,loop,2024-03-13 17:15:38
Bhavi,loss,2024-03-13 17:15:47
Bhavi,harm,2024-03-13 17:15:54
Bhavi,bind,2024-03-13 17:16:05
Bhavi,stem,2024-03-13 17:16:12
Bhavi,vein,2024-03-13 17:16:28
Bhavi,days,2024-03-13 17:16:41
Bhavi,hone,2024-03-13 17:16:55
Bhavi,lion,2024-03-13 17:17:03
Bhavi,none,2024-03-13 17:17:10
Bhavi,diet,2024-03-13 17:17:19
Bhavi,fuel,2024-03-13 17:17:27
Bhavi,nail,2024-03-13 17:17:34
Bhavi,mint,2024-03-13 17:18:07
Bhavi,acts,2024-03-13 17:18:20
Bhavi,till,2024-03-13 17:18:26
Bhavi,jute,2024-03-13 17:18:48
Bhavi,nate,2024-03-13 17:19:04
Bhavi,tend,2024-03-13 17:20:08
Bhavi,holy,2024-03-13 17:20:49
Bhavi,site,2024-03-13 17:20:58
Bhavi,pour,2024-03-13 17:21:46
Bhavi,wang,2024-03-13 17:21:54
Bhavi,link,2024-03-13 17:22:09
Bhavi,bent,2024-03-13 17:22:16
Bhavi,vast,2024-03-13 17:22:58
Bhavi,oral,2024-03-13 17:23:08
Bhavi,coil,2024-03-13 17:23:16
Bhavi,palm,2024-03-13 17:23:29
Bhavi,glue,2024-03-13 17:23:40
Bhavi,yarn,2024-03-13 17:24:21
Bhavi,john,2024-03-13 17:24:39
Bhavi,dish,2024-03-13 17:25:11
Bhavi,lose,2024-03-13 17:25:38
Bhavi,heap,2024-03-13 17:25:46
Bhavi,sick,2024-03-13 17:26:09
Bhavi,clay,2024-03-13 17:26:22
Bhavi,bose,2024-03-13 17:26:31
Bhavi,sari,2024-03-13 17:27:13
Bhavi,tele,2024-03-13 17:27:28
Bhavi,frog,2024-03-13 17:28:25
Bhavi,cord,2024-03-13 17:28:36
Bhavi,shin,2024-03-13 17:28:53
Bhavi,coir,2024-03-13 17:29:07
Bhavi,chew,2024-03-13 17:30:13
Bhavi,sown,2024-03-13 17:46:14
Bhavi,glow,2024-03-13 17:46:50
Bhavi,ways,2024-03-13 17:47:32
Bhavi,pure,2024-03-13 20:13:34
Bhavi,alee,2024-03-13 20:16:03
Bhavi,stir,2024-03-13 20:16:19
Bhavi,rein,2024-03-13 20:18:03
Bhavi,male,2024-03-13 20:18:14
Bhavi,grey,2024-03-13 20:18:44
Bhavi,soph,2024-03-13 20:19:37
Bhavi,soak,2024-03-13 20:20:06
Bhavi,cine,2024-03-13 20:20:25
Bhavi,urea,2024-03-13 20:20:46
Bhavi,lower,2024-03-13 20:21:26
Bhavi,mixed,2024-03-13 20:21:39
Bhavi,added,2024-03-13 20:21:46
Bhavi,taken,2024-03-13 20:22:21
Bhavi,crush,2024-03-13 20:22:56
Bhavi,older,2024-03-13 20:23:02
Bhavi,times,2024-03-13 20:23:54
Bhavi,screw,2024-03-13 20:26:39
Bhavi,blade,2024-03-13 20:28:38
Bhavi,inner,2024-03-13 20:29:04
Bhavi,relax,2024-03-13 20:29:33
Bhavi,delta,2024-03-13 20:29:58
Bhavi,flame,2024-03-13 20:33:59
Bhavi,links,2024-03-13 20:34:22
Bhavi,chine,2024-03-13 20:34:40
Bhavi,shelf,2024-03-13 20:34:59
Bhavi,slice,2024-03-13 20:44:59
Bhavi,hence,2024-03-13 20:45:34
Bhavi,shout,2024-03-13 20:45:45
Bhavi,tough,2024-03-13 20:46:06
Bhavi,chest,2024-03-13 20:46:28
Bhavi,alans,2024-03-13 20:46:39
Bhavi,lemon,2024-03-13 20:47:15
Bhavi,plate,2024-03-13 20:47:25
Bhavi,tooth,2024-03-13 20:47:37
Bhavi,month,2024-03-13 20:48:44
Bhavi,birth,2024-03-13 20:48:53
Bhavi,alive,2024-03-13 20:49:57
Bhavi,won't,2024-03-13 20:50:39
Bhavi,muddy,2024-03-13 20:52:20
Bhavi,slide,2024-03-13 20:52:45
Bhavi,sizes,2024-03-13 20:52:55
Bhavi,smoke,2024-03-13 20:53:05
Bhavi,model,2024-03-13 20:53:36
Bhavi,dirty,2024-03-13 20:54:04
Bhavi,apart,2024-03-13 20:54:37
Bhavi,comes,2024-03-13 20:55:22
Bhavi,sweet,2024-03-13 20:57:02
Bhavi,float,2024-03-13 20:58:05
Bhavi,heaps,2024-03-13 20:58:26
Bhavi,hatch,2024-03-13 20:58:41
Bhavi,apply,2024-03-13 20:58:50
Bhavi,twist,2024-03-13 21:00:48
Bhavi,along,2024-03-13 21:01:06
Bhavi,droop,2024-03-13 21:02:05
Bhavi,daily,2024-03-13 21:05:02
Bhavi,arise,2024-03-13 21:06:27
Bhavi,toxic,2024-03-13 21:06:58
Bhavi,penis,2024-03-13 21:07:09
Bhavi,liver,2024-03-13 21:07:41
Bhavi,april,2024-03-13 21:07:53
Bhavi,rough,2024-03-13 21:08:53
Bhavi,upper,2024-03-13 21:11:27
Bhavi,dense,2024-03-13 21:11:52
Bhavi,avoid,2024-03-13 21:12:15
Bhavi,mango,2024-03-13 21:12:36
Bhavi,turns,2024-03-13 21:12:49
Bhavi,waste,2024-03-13 21:13:15
Bhavi,grain,2024-03-13 21:13:59
Bhavi,resin,2024-03-13 21:14:07
Bhavi,based,2024-03-13 21:16:03
Bhavi,stage,2024-03-13 21:17:37
Bhavi,drill,2024-03-13 21:17:46
Bhavi,joint,2024-03-13 21:18:18
Bhavi,shiny,2024-03-13 21:18:52
Bhavi,click,2024-03-13 21:19:04
Bhavi,flour,2024-03-13 21:19:39
Bhavi,local,2024-03-13 21:19:47
Bhavi,sheep,2024-03-13 21:20:02
Bhavi,oiled,2024-03-13 21:20:18
Bhavi,lotus,2024-03-13 21:20:26
Bhavi,shown,2024-03-13 21:20:47
Bhavi,maize,2024-03-13 21:21:22
Bhavi,works,2024-03-13 21:22:02
Bhavi,cloth,2024-03-13 21:22:24
Bhavi,smote,2024-03-13 21:22:46
Bhavi,louis,2024-03-13 21:23:34
Bhavi,drain,2024-03-13 21:23:43
Bhavi,puppy,2024-03-13 21:25:13
Bhavi,ankle,2024-03-13 21:26:59
Bhavi,kapok,2024-03-13 21:27:21
Bhavi,began,2024-03-13 21:29:12
Bhavi,honey,2024-03-13 21:29:29
Bhavi,strip,2024-03-13 21:31:48
Bhavi,spine,2024-03-13 21:32:01
Bhavi,plane,2024-03-13 21:33:25
Bhavi,vital,2024-03-13 21:34:39
Bhavi,yeast,2024-03-13 21:35:04
Bhavi,humid,2024-03-13 21:35:30
Bhavi,tangy,2024-03-13 21:36:08
Bhavi,spoon,2024-03-13 21:37:47
Bhavi,juice,2024-03-13 21:38:16
Bhavi,prize,2024-03-14 16:26:49
Bhavi,needs,2024-03-14 16:27:15
Bhavi,wrist,2024-03-14 16:27:42
Bhavi,shirt,2024-03-14 16:28:51
Bhavi,prime,2024-03-14 16:28:59
Bhavi,paste,2024-03-14 16:29:36
Bhavi,lived,2024-03-14 16:30:01
Bhavi,sperm,2024-03-14 16:30:55
Bhavi,weigh,2024-03-14 16:31:06
Bhavi,reuse,2024-03-14 16:32:13
Bhavi,eerie,2024-03-14 16:32:26
Bhavi,naked,2024-03-14 16:32:49
Bhavi,greek,2024-03-14 16:32:57
Bhavi,burnt,2024-03-14 16:34:02
Bhavi,nylon,2024-03-14 16:34:12
Bhavi,bowel,2024-03-14 16:36:31
Bhavi,video,2024-03-14 16:36:57
Bhavi,brick,2024-03-14 16:38:56
Bhavi,thigh,2024-03-14 16:42:25
Bhavi,basil,2024-03-14 17:02:06
Bhavi,below,2024-03-14 17:02:22
Bhavi,outer,2024-03-14 17:02:30
Bhavi,chalk,2024-03-14 17:02:39
Bhavi,shock,2024-03-14 17:03:03
Bhavi,assam,2024-03-14 17:03:10
Bhavi,swell,2024-03-14 17:03:38
Bhavi,pivot,2024-03-14 17:04:45
Bhavi,whorl,2024-03-14 17:07:58
Bhavi,going,2024-03-14 17:11:12
Bhavi,given,2024-03-14 17:12:26
Bhavi,loose,2024-03-14 17:13:45
Bhavi,jeans,2024-03-14 17:15:25
Bhavi,torch,2024-03-14 17:16:56
Bhavi,silky,2024-03-14 17:18:31
Bhavi,weald,2024-03-14 17:19:13
Bhavi,tibia,2024-03-14 17:20:17
Bhavi,pinch,2024-03-14 17:20:32
Bhavi,known,2024-03-14 17:22:04
Bhavi,slows,2024-03-14 17:22:15
Bhavi,eagle,2024-03-14 17:22:41
Bhavi,tasty,2024-03-14 17:23:39
Bhavi,whole,2024-03-14 17:26:01
Bhavi,sheer,2024-03-14 17:26:10
Bhavi,cream,2024-03-14 17:26:53
Bhavi,wheat,2024-03-14 17:31:14
Bhavi,chaff,2024-03-14 17:32:18
Bhavi,graph,2024-03-14 17:32:32
Bhavi,exist,2024-03-14 17:32:41
Bhavi,similar,2024-03-19 02:25:29
Bhavi,spirit,2024-03-23 16:59:57
